time,x_rel,y_rel,z_rel,separation
0,10,0,0,10
0.5506813186813186,9.9998290517256,0.02258631631785661,0,9.999854559213356
1.101362637362637,9.99908260151957,0.1112095787626339,0,9.999701017651473
1.652043956043956,9.996417435377641,0.2274799908093432,0,9.999005384964082
2.202725274725275,9.99216076544576,0.349276712386738,0,9.998263398427213
2.753406593406593,9.988278392793909,0.470910733659573,0,9.999373088900597
3.304087912087912,9.984481835057821,0.5928386651122131,0,10.00206654634189
3.854769230769231,9.979895419558201,0.7153775353830081,0,10.00550236637069
4.405450549450549,9.974201473782209,0.83836712010167,0,10.00937333041718
4.956131868131868,9.967301642714261,0.961684160625031,0,10.01358769181413
5.506813186813186,9.959193997466549,1.085322985120003,0,10.01815706910226
6.057494505494505,9.949964337042299,1.209390278254888,0,10.02319385992065
6.608175824175824,9.93971986304641,1.334074090958819,0,10.02884762253405
7.158857142857142,9.92850780843168,1.459616859287142,0,10.03522539248642
7.709538461538461,9.91629051254589,1.586283103490249,0,10.04236583747208
8.26021978021978,9.902924590907229,1.714316869233657,0,10.05021381769235
8.810901098901098,9.888081463926049,1.843869591758608,0,10.05852922194144
9.361582417582417,9.8713567803064,1.975017691892855,0,10.06699456478402
9.912263736263736,9.852149101032801,2.107648093302514,0,10.07506934934858
10.46294505494505,9.829948553043099,2.241501358868567,0,10.08227240741311
11.01362637362637,9.804243749226849,2.37615117260149,0,10.08807661991666
11.56430769230769,9.774596733801449,2.51108068685467,0,10.09199026576703
12.11498901098901,9.74075996366585,2.64579244197935,0,10.0936922043319
12.66567032967033,9.702834166676219,2.7798872253587,0,10.09320384475276
13.21635164835165,9.661165729752639,2.91310346559056,0,10.09080249826457
13.76703296703297,9.61619750800056,3.04531555670108,0,10.08688263799881
14.31771428571428,9.568413626802801,3.17651862876778,0,10.08190507456276
14.8683956043956,9.51829504965103,3.30680454559061,0,10.07635335599889
15.41907692307692,9.466250548522599,3.43631842874724,0,10.07065955095059
15.96975824175824,9.412580434772771,3.56523640163082,0,10.06516671697894
16.52043956043956,9.35741092873754,3.69371571250638,0,10.0600534319691
17.07112087912088,9.300736755319701,3.82187202640415,0,10.05536722243228
17.6218021978022,9.24246981349399,3.94977126379533,0,10.05106667422175
18.17248351648352,9.182484745292181,4.07742243382118,0,10.04705926136359
18.72316483516483,9.12064312119184,4.20480463263914,0,10.04323219600182
19.27384615384615,9.056837807648229,4.33186401437208,0,10.03948987314884
19.82452747252747,8.991008208999929,4.45855529109023,0,10.03578317312669
20.37520879120879,8.923131528824809,4.58482327580449,0,10.03209254099393
20.92589010989011,8.853215857803651,4.710596587049229,0,10.02841718471992
21.47657142857143,8.78126734080131,4.83578833370632,0,10.02474463111325
22.02725274725275,8.707279807484539,4.96029130364649,0,10.02103844234014
22.57793406593407,8.63125146057453,5.08398605271698,0,10.0172559096736
23.12861538461538,8.55318270673574,5.20676804382962,0,10.01335947008039
23.6792967032967,8.473093483798671,5.32854496356776,0,10.00933087743406
24.22997802197802,8.391005413534989,5.449249953352989,0,10.00516351211169
24.78065934065934,8.30694961537991,5.568828369433,0,10.00086302879218
25.33134065934066,8.22097727047826,5.68726187858522,0,9.996470124865521
25.88202197802197,8.13314461712409,5.80454009009691,0,9.992033177516817
26.43270329670329,8.04350615398943,5.920672376468509,0,9.987609956277982
26.98338461538462,7.95210354800077,6.03565859906621,0,9.983242236999377
27.53406593406593,7.8589773257198,6.14949807660186,0,9.978970447912346
28.08474725274725,7.76415496746367,6.26218555555711,0,9.974821817507262
28.63542857142857,7.66764474535916,6.37369786181545,0,9.97079737908382
29.18610989010989,7.56944992340731,6.48400163664222,0,9.966887646951275
29.73679120879121,7.46956856371111,6.59305785654702,0,9.963075149157394
30.28747252747252,7.36801072692465,6.700827917833561,0,9.959351226686122
30.83815384615384,7.264773549278971,6.80726186692176,0,9.955689270319283
31.38883516483516,7.15985462788365,6.91231097355198,0,9.952063167379618
31.93951648351648,7.0532609029147,7.015914190441769,0,9.948444164402154
32.4901978021978,6.94501048811953,7.11802963762535,0,9.944823608400661
33.04087912087912,6.83513597900884,7.21861510406293,0,9.941201530607183
33.59156043956044,6.7236699651267,7.3176432959662,0,9.937587293047843
34.14224175824175,6.6106551019684,7.41510045430425,0,9.934006020966764
34.69292307692307,6.49612388292771,7.510965800098139,0,9.930469916000334
35.24360439560439,6.38010499048053,7.60520158731121,0,9.926974910474767
35.79428571428571,6.262626271063709,7.69777618421451,0,9.923519838911869
36.34496703296703,6.14371134238089,7.788674359744871,0,9.920112768544859
36.89564835164835,6.02338041722119,7.87787812702135,0,9.916757304419885
37.44632967032967,5.90165415084137,7.965362195815139,0,9.913451297437444
37.99701098901099,5.77856720239344,8.051096356768999,0,9.910196338042763
38.5476923076923,5.65414239240093,8.13506238191396,0,9.906995818671618
39.09837362637362,5.52840418274964,8.217237199256159,0,9.903849756366608
39.64905494505494,5.4013856917165,8.297592387172621,0,9.900757890906371
40.19973626373626,5.27311653201049,8.376110676812781,0,9.897726407129033
40.75041758241758,5.143623538191299,8.45277437499831,0,9.894759104559526
41.3010989010989,5.012934005281981,8.527557646908591,0,9.891852544526815
41.85178021978022,4.8810763592608,8.600431872108931,0,9.889000698337613
42.40246153846154,4.748079909289929,8.67137302706602,0,9.886201140960605
42.95314285714285,4.61397074341465,8.740356114260781,0,9.883448336748776
43.50382417582417,4.47877700223442,8.80736213428462,0,9.880742441748721
44.05450549450549,4.34252865842217,8.872372782835679,0,9.878084528228191
44.60518681318681,4.20525139174949,8.93535989162206,0,9.875464326330141
45.15586813186813,4.06698698176509,8.996313165413,0,9.872893885787995
45.70654945054945,3.927769812252,9.055216104080081,0,9.870375595165028
46.25723076923077,3.78763075780793,9.11204996060264,0,9.867907642555803
46.80791208791209,3.64660582993812,9.166801826582329,0,9.865494909368298
47.3585934065934,3.5047169599744,9.21945936126432,0,9.863137020417819
47.90927472527472,3.36200287230905,9.2699908891097,0,9.860821182720592
48.45995604395604,3.21849486330476,9.31839937480394,0,9.858563591794983
49.01063736263736,3.07422719444158,9.36466193711499,0,9.856356631103322
49.56131868131868,2.92923402419943,9.408761608022081,0,9.854197428766984
50.11199999999999,2.7835508469854,9.45068983424153,0,9.852090826864586
50.66268131868132,2.63720067951617,9.490434915574681,0,9.850034635005075
51.21336263736264,2.49021942582935,9.527983975372791,0,9.848028809042882
51.76404395604395,2.3426510676028,9.56332272783451,0,9.846073106637824
52.31472527472527,2.19452536177603,9.59643752073897,0,9.844163481623257
52.86540659340659,2.045871434939932,9.627319351476629,0,9.842299925506211
53.41608791208791,1.896727740909409,9.655957001322601,0,9.840481783659085
53.96676923076923,1.747132612519391,9.682352067358799,0,9.838720136380344
54.51745054945054,1.59711494371095,9.706480353036451,0,9.836998372842574
55.06813186813186,1.446720029897659,9.72833491073723,0,9.835318956717968
55.61881318681318,1.295971945380045,9.74791880744019,0,9.833690271696497
56.1694945054945,1.144917436181977,9.765212155959361,0,9.83210071076217
56.72017582417582,0.993575354886816,9.78021567565148,0,9.830554951176326
57.27085714285714,0.842006139331589,9.792916875606711,0,9.829048543537406
57.82153846153846,0.6902198877523089,9.803330524546199,0,9.827598530004575
58.37221978021978,0.538261269324714,9.81143355136459,0,9.826187130667613
58.92290109890109,0.386177533373896,9.817213988290471,0,9.824806541564513
59.47358241758241,0.2339981977669212,9.82067687586072,0,9.823464228907419
60.02426373626373,0.0817613968551763,9.8218290597591,0,9.822169363493181
60.57494505494505,-0.07050440812225646,9.820666066875852,0,9.820919145815807
61.12562637362637,-0.2227676655945727,9.817177641151229,0,9.819704795499408
61.67630769230769,-0.374984394828745,9.81137066036818,0,9.818533878919938
62.22698901098901,-0.527111080054687,9.80323866205431,0,9.817399571979985
62.77767032967033,-0.679105777844931,9.79276329300593,0,9.816282268269729
63.32835164835164,-0.830951074779668,9.779977485375291,0,9.815214684515315
63.87903296703296,-0.98261026379225,9.76486317519031,0,9.814177283944776
64.42971428571428,-1.134037113474266,9.747410508122099,0,9.813157075507666
64.9803956043956,-1.285196156235571,9.72765080717059,0,9.812182192878877
65.53107692307692,-1.436060777531678,9.70556183467869,0,9.811228316757106
66.08175824175824,-1.586574552915824,9.68116129483186,0,9.810305949791298
66.63243956043955,-1.736718792697452,9.65444325277142,0,9.809407050678043
67.18312087912088,-1.886450008772417,9.62542268567163,0,9.808539927707871
67.73380219780219,-2.03573056212486,9.594102158954961,0,9.807700808957899
68.2844835164835,-2.184529543595906,9.560478518357971,0,9.8068811977523
68.83516483516483,-2.33280815166218,9.524564303722851,0,9.806085816890095
69.38584615384615,-2.48053008476492,9.486367847125219,0,9.805315111325848
69.93652747252747,-2.62765910717793,9.44589573183983,0,9.804567229629518
70.48720879120879,-2.77416070941727,9.40315923237903,0,9.803844714761119
71.0378901098901,-2.91999626697052,9.35816137921034,0,9.803140445717675
71.58857142857143,-3.06513188207799,9.31091205877661,0,9.802454632427668
72.13925274725274,-3.2095352452516,9.26142730358243,0,9.801793315003859
72.68993406593407,-3.35316478108622,9.209707182210149,0,9.801143832796773
73.24061538461538,-3.49599176996847,9.155772972037269,0,9.800517188963827
73.79129670329669,-3.63797823253225,9.099624852791639,0,9.799900922046188
74.34197802197802,-3.77908831065364,9.041283113942669,0,9.79930144480635
74.89265934065934,-3.91928838877806,8.980760855143799,0,9.798718641317022
75.44334065934065,-4.05854490816623,8.9180652755838,0,9.798146509987262
75.99402197802198,-4.19682057520657,8.853215937318749,0,9.797588242688702
76.54470329670329,-4.33408514226868,8.786220148726949,0,9.797038252570495
77.0953846153846,-4.470300421038139,8.717098313004501,0,9.796498805844855
77.64606593406593,-4.605437130405329,8.64586435523877,0,9.795969661616168
78.19674725274724,-4.7394616397539,8.57253388783886,0,9.795449652407202
78.74742857142857,-4.87233537353357,8.49712344283777,0,9.794935364514139
79.29810989010988,-5.004027027654351,8.41964890998733,0,9.794425672848105
79.8487912087912,-5.13450943449859,8.34012984574227,0,9.793924288904627
80.39947252747253,-5.26374612904743,8.258581387348379,0,9.793425848114586
80.95015384615384,-5.39170415106315,8.17502439968928,0,9.792931000885622
81.50083516483517,-5.518351289027621,8.0894757003488,0,9.792436778230764
82.05151648351648,-5.643659984545559,8.00195562769707,0,9.791945255606446
82.60219780219779,-5.767593578451439,7.91248675815182,0,9.79145455916138
83.15287912087912,-5.89012220067576,7.8210892435076,0,9.790964022699898
83.70356043956043,-6.01121843424351,7.7277784816742,0,9.790470230076581
84.25424175824175,-6.13085151071221,7.63258405513091,0,9.789978529345239
84.80492307692307,-6.24898763563399,7.53553052640802,0,9.789487564971601
85.35560439560439,-6.36559930108459,7.43662865525897,0,9.788988722957415
85.9062857142857,-6.48065678428997,7.33590608225801,0,9.78848458156183
86.45696703296703,-6.59413258433809,7.23339102096964,0,9.787978861954779
87.00764835164834,-6.705993750854081,7.12910187158181,0,9.787463700156708
87.55832967032967,-6.81621620267741,7.02306094510932,0,9.786939683085917
88.10901098901098,-6.92477180566956,6.9153036879439,0,9.786413523711664
88.6596923076923,-7.03163039911224,6.80585184546634,0,9.785879899741104
89.21037362637362,-7.13676735780344,6.69472641282336,0,9.785336481795781
89.76105494505494,-7.240157622450409,6.58195264542719,0,9.784783238507266
90.31173626373626,-7.34177237857017,6.46756635811029,0,9.784223845318333
90.86241758241758,-7.44158425842622,6.351586293768181,0,9.783650889235609
91.41309890109889,-7.53956354947066,6.23403875162675,0,9.783059729618881
91.96378021978022,-7.63569059757237,6.11496708318329,0,9.782463561407742
92.51446153846153,-7.72994310412426,5.994389401022429,0,9.781856913903834
93.06514285714285,-7.8222964323505,5.872326418923739,0,9.781234024700209
93.61582417582417,-7.91272275068691,5.7488154453177,0,9.780596114427871
94.16650549450549,-8.00120183880758,5.623889681275489,0,9.77994713751024
94.7171868131868,-8.087709200833739,5.49757039106461,0,9.779280153567594
95.26786813186813,-8.172222708288569,5.3698936235509,0,9.778598136855813
95.81854945054944,-8.25472056596074,5.24089324248056,0,9.777902310883128
96.36923076923077,-8.33518107557518,5.11059688704216,0,9.777189990200233
96.91991208791208,-8.41357991484864,4.97903468124817,0,9.776457095523742
97.47059340659339,-8.48989994712816,4.84623919127057,0,9.775706389374303
98.02127472527472,-8.56412458698628,4.71224454426477,0,9.774941359741039
98.57195604395604,-8.63623337457733,4.577081817371131,0,9.774160059210855
99.12263736263736,-8.706204337759921,4.4407806844947,0,9.773358023658547
99.67331868131868,-8.77402036397185,4.30337950511347,0,9.77253848866421
100.224,-8.83966118319983,4.16491216483458,0,9.771699093533165
100.7746813186813,-8.90311142148142,4.02541013385779,0,9.770840277533857
101.3253626373626,-8.964354746601529,3.88490768795158,0,9.769962321668526
101.8760439560439,-9.02337385765008,3.74344030073241,0,9.769064492574017
102.4267252747253,-9.08015050594782,3.60104066383639,0,9.768143481402578
102.9774065934066,-9.13467717934507,3.45774284013319,0,9.767205983255392
103.5280879120879,-9.186928406508851,3.31358540701787,0,9.766242972398397
104.0787692307692,-9.236900037042329,3.16860246465107,0,9.765263123608365
104.6294505494505,-9.28456968274706,3.02283289429877,0,9.76425895296927
105.1801318681319,-9.329927943895999,2.87630982815308,0,9.763232746678808
105.7308131868132,-9.372965795421401,2.72906794175472,0,9.762187236109174
106.2814945054945,-9.41366919749143,2.58114397374714,0,9.761120426109398
106.8321758241758,-9.45202580192788,2.43257720547141,0,9.760031947739181
107.3828571428571,-9.488024485243269,2.28340107855867,0,9.758920489385016
107.9335384615385,-9.521654197387591,2.133654323113443,0,9.757785579995566
108.4842197802198,-9.552905655127919,1.983373774190282,0,9.756627387777026
109.0349010989011,-9.581771378633469,1.832598329395756,0,9.755447677544257
109.5855824175824,-9.608242689082939,1.681367562091065,0,9.754246483002559
110.1362637362637,-9.632312844169579,1.529708880183999,0,9.753023120349301
110.686945054945,-9.65398061779797,1.377671081824862,0,9.751785445676877
111.2376263736264,-9.67321757691724,1.22529058280406,0,9.750511540564883
111.7883076923077,-9.690055250389189,1.072600729195164,0,9.749238076889142
112.338989010989,-9.704445714609861,0.919644278239733,0,9.747923482788977
112.8896703296703,-9.716407844685651,0.766455772809886,0,9.746590986388137
113.4403516483516,-9.72596293956782,0.613075523023192,0,9.745266373926208
113.991032967033,-9.733061828467839,0.459544857393111,0,9.743904455234265
114.5417142857143,-9.73770146950698,0.305898717485186,0,9.742505013321649
115.0923956043956,-9.739891647322938,0.1521773199924105,0,9.741080393791606
115.6430769230769,-9.739638755938341,-0.001584624704639999,0,9.739638884846379
116.1937582417582,-9.73694802383436,-0.1553444124670603,0,9.738187136491915
116.7444395604396,-9.73182234514552,-0.309067904441299,0,9.736728872009808
117.2951208791209,-9.724259172778659,-0.462706455754105,0,9.735261358770314
117.8458021978022,-9.714233133532829,-0.616218643598512,0,9.73375830752672
118.3964835164835,-9.70174623527015,-0.7695826401429791,0,9.732221609354566
118.9471648351648,-9.68682420999245,-0.9227607990340241,0,9.730675761093355
119.4978461538461,-9.66945231591373,-1.075685323834893,0,9.729101037898783
120.0485274725275,-9.649647627277201,-1.228344262344901,0,9.727514017335166
120.5992087912088,-9.62739602467412,-1.380690888333819,0,9.725896439148377
121.1498901098901,-9.6027152644201,-1.532690879835827,0,9.724262531557789
121.7005714285714,-9.57561796256859,-1.684306516817533,0,9.722620418779098
122.2512527472527,-9.546094301037829,-1.835495129506664,0,9.720954622605211
122.8019340659341,-9.5141581328726,-1.986209339270374,0,9.719271192672355
123.3526153846154,-9.479813212794379,-2.136413372927534,0,9.717567630302065
123.9032967032967,-9.44306670854667,-2.286073086259522,0,9.715844740308615
124.453978021978,-9.40392947653539,-2.43515268902882,0,9.714106146143116
125.0046593406593,-9.36241415502902,-2.58361415277413,0,9.712356094208168
125.5553406593407,-9.318529944132319,-2.73141812990391,0,9.710594488498552
126.106021978022,-9.272280255444031,-2.87852514909134,0,9.708814972459232
126.6567032967033,-9.223674699537099,-3.02489601192556,0,9.707016578014274
127.2073846153846,-9.172729060821929,-3.1704953973176,0,9.705204762788842
127.7580659340659,-9.119453977242941,-3.31528644726574,0,9.703379054250947
128.3087472527473,-9.06386874028048,-3.45922992769365,0,9.701545662093492
128.8594285714286,-9.005984157269491,-3.60228808477528,0,9.699702577229006
129.4101098901099,-8.94579940195656,-3.74442506917788,0,9.697837183554594
129.9607912087912,-8.883340360681739,-3.88560373651814,0,9.695960620844172
130.5114725274725,-8.818626540205949,-4.02578931616107,0,9.694078278709192
131.0621538461538,-8.751669843359931,-4.164943036975091,0,9.692186314161678
131.6128351648352,-8.682479346215359,-4.30303083888754,0,9.69027976881336
132.1635164835165,-8.61107594273145,-4.44001597916451,0,9.688362647358144
132.7141978021978,-8.53747745107008,-4.57586445109395,0,9.686436739189256
133.2648791208791,-8.461705589798999,-4.71053818034588,0,9.684504707879071
133.8155604395604,-8.3837735847837,-4.844002154823601,0,9.682562491244383
134.3662417582418,-8.30369882082946,-4.97622301059457,0,9.680609978623012
134.9169230769231,-8.221504465331691,-5.10716552949425,0,9.678650495762476
135.4676043956044,-8.137208518488631,-5.23679303871717,0,9.676681445811914
136.0182857142857,-8.05083741699697,-5.36507483685199,0,9.674709872649455
136.568967032967,-7.962403168788759,-5.49197686436715,0,9.672728369032251
137.1196483516484,-7.87193256840021,-5.617465974555239,0,9.67074176765804
137.6703296703297,-7.779447481686461,-5.74150764951196,0,9.66874930948787
138.221010989011,-7.68497060439875,-5.86407154819535,0,9.666752728441288
138.7716923076923,-7.58852744042334,-5.98512114498268,0,9.664751617821162
139.3223736263736,-7.49013840087618,-6.104629244225491,0,9.662746580229301
139.8730549450549,-7.38982836692678,-6.2225609380879,0,9.660736406757669
140.4237362637363,-7.28762471589893,-6.3388870922214,0,9.658724738168701
140.9744175824176,-7.18355415498384,-6.453576129340901,0,9.656712440307222
141.5250989010989,-7.07763941598075,-6.56659865180753,0,9.65469821157372
142.0757802197802,-6.96990602967499,-6.67792060047151,0,9.652679089698442
142.6264615384615,-6.860377730227111,-6.78751753741872,0,9.650656812992718
143.1771428571429,-6.7490883438988,-6.895357688758359,0,9.64863467697216
143.7278241758242,-6.63606519852834,-7.00141266192572,0,9.646612907217371
144.2785054945055,-6.52133858905133,-7.10565357924531,0,9.644592774259143
144.8291868131868,-6.404936802294451,-7.208054520396329,0,9.642575662673943
145.3798681318681,-6.28688150271773,-7.308585483256159,0,9.640555004525259
145.9305494505494,-6.16721083116971,-7.40722273895951,0,9.638539211968576
146.4812307692308,-6.04595212270411,-7.50393458969511,0,9.63652278555149
147.0319120879121,-5.9231360637824,-7.59869704224387,0,9.634507645431883
147.5825934065934,-5.79878896804502,-7.69148515662601,0,9.632491755019512
148.1332747252747,-5.6729473492227,-7.78227749918671,0,9.630481540473488
148.683956043956,-5.54564477419583,-7.87104982081322,0,9.628478656739565
149.2346373626374,-5.41691711414601,-7.95776774843115,0,9.626476954706686
149.7853186813187,-5.28679200141334,-8.04241445327758,0,9.62447920172807
150.336,-5.155300528596261,-8.1249639844999,0,9.622482179228255
150.8866813186813,-5.02247436836849,-8.205398848636129,0,9.620489542955577
151.4373626373626,-4.88835095498297,-8.28369811399482,0,9.618504535679351
151.988043956044,-4.75296712737039,-8.35983754428743,0,9.61652641449818
152.5387252747253,-4.61635671464894,-8.433795081753921,0,9.614554009308023
153.0894065934066,-4.47855468146844,-8.50554944451758,0,9.612586716801893
153.6400879120879,-4.33959649568923,-8.575082438356841,0,9.610626231937966
154.1907692307692,-4.19951364164877,-8.642372361720501,0,9.608668735315236
154.7414505494505,-4.05834434403049,-8.7074040542948,0,9.606718699924224
155.2921318681319,-3.91612748287497,-8.77015687675409,0,9.604775172017598
155.8428131868132,-3.77290007663728,-8.83061469235089,0,9.602839727552105
156.3934945054945,-3.62869559981576,-8.88875980505926,0,9.600910510371367
156.9441758241758,-3.4835537607484,-8.9445812314087,0,9.598993708159886
157.4948571428571,-3.3375125100154,-8.99805308495897,0,9.597080236939197
158.0455384615385,-3.19060558441128,-9.049169498566989,0,9.595177570481516
158.5962197802198,-3.04287833052932,-9.097905652136191,0,9.593278677781468
159.1469010989011,-2.89436178150873,-9.14425693408673,0,9.591390149444013
159.6975824175824,-2.74509657822264,-9.188207026651291,0,9.589510080727472
160.2482637362637,-2.59512414553357,-9.229741715368121,0,9.587637950149025
160.7989450549451,-2.44448530367059,-9.268847930912951,0,9.585773331674956
161.3496263736264,-2.29321438093703,-9.305517215981039,0,9.583917928167788
161.9003076923077,-2.141354484822474,-9.339739350623001,0,9.582073375175389
162.450989010989,-1.988940000250243,-9.371502696037361,0,9.580237215561572
163.0016703296703,-1.836013955179029,-9.40079398260424,0,9.578406691458669
163.5523516483516,-1.682619248450696,-9.427609551111459,0,9.576587564652911
164.103032967033,-1.528795955068294,-9.451935904787561,0,9.574774640713244
164.6537142857143,-1.374573267702403,-9.473777604755629,0,9.572978312555156
165.2043956043956,-1.220007761028674,-9.49311574545094,0,9.571189345817935
165.7550769230769,-1.065129349801017,-9.50995115166026,0,9.569413327825893
166.3057582417582,-0.909986807394046,-9.524259911483959,0,9.567633085101646
166.8564395604396,-0.7546145669164399,-9.53608389202973,0,9.565894581294076
167.4071208791209,-0.599058216423098,-9.54536417271188,0,9.56414386844717
167.9578021978022,-0.443354493240499,-9.55210459165898,0,9.562388056164062
168.5084835164835,-0.287544621454879,-9.55632091117603,0,9.560645964928725
169.0591648351648,-0.1316711271121427,-9.55801613688579,0,9.558923043872889
169.6098461538461,0.02422234467276778,-9.557183792956131,0,9.557214488245243
170.1605274725275,0.1800948432572502,-9.553818052287799,0,9.555515346059996
170.7112087912088,0.335907939880495,-9.54792206813058,0,9.55382907336999
171.2618901098901,0.491621177080211,-9.53950421999021,0,9.552163741528135
171.8125714285714,0.647183291321613,-9.528561396893441,0,9.550514567652035
172.3632527472527,0.802554070591335,-9.515064363504081,0,9.548850343253267
172.9139340659341,0.957714851168679,-9.49904108116616,0,9.547198499970104
173.4646153846154,1.112596894017619,-9.48048196140074,0,9.545543990209383
174.0152967032967,1.267176388667608,-9.45941328802839,0,9.543910925491959
174.565978021978,1.421401266324816,-9.43581433174581,0,9.54227298200431
175.1166593406593,1.57523375607426,-9.40970292318227,0,9.540643085705533
175.6673406593407,1.728633377911289,-9.381088954800401,0,9.539025282129566
176.218021978022,1.881564892212852,-9.34996917207997,0,9.537411072322183
176.7687032967033,2.033978325516488,-9.316357980733791,0,9.535805883817742
177.3193846153846,2.185834758185831,-9.280261188454901,0,9.534207954310398
177.8700659340659,2.33709204746022,-9.241686670933941,0,9.532616207632607
178.4207472527472,2.48771258431705,-9.200643566386759,0,9.531031210622672
178.9714285714286,2.63765433723017,-9.157143112017,0,9.529453834122368
179.5221098901099,2.78687293882252,-9.11119065646033,0,9.527877830635282
180.0727912087912,2.93533436540941,-9.06280569592594,0,9.526312766168299
180.6234725274725,3.08299597057251,-9.01199646567739,0,9.524754298770551
181.1741538461538,3.22981722063883,-8.95877727911018,0,9.523203747449486
181.7248351648352,3.37575809210872,-8.903158876556351,0,9.521658504569551
182.2755164835165,3.52078309384365,-8.84515367179481,0,9.520118542936347
182.8261978021978,3.66484951797985,-8.784775076460729,0,9.51858157150753
183.3768791208791,3.80791629940838,-8.722040783046999,0,9.517049015552832
183.9275604395604,3.94994649859642,-8.65696398870767,0,9.515519052766146
184.4782417582418,4.09090039088103,-8.589567836691829,0,9.513997142591609
185.0289230769231,4.23074189855221,-8.51986441318101,0,9.512479520669327
185.5796043956044,4.36943201767509,-8.44787190009766,0,9.510966081189853
186.1302857142857,4.50693087066272,-8.373608874644979,0,9.509455897077697
186.680967032967,4.643201900425479,-8.29709016141333,0,9.507945573820701
187.2316483516483,4.778208781991021,-8.21833730425576,0,9.506437145998385
187.7823296703297,4.91191455624679,-8.13737547726906,0,9.504934732333988
188.333010989011,5.04427993310321,-8.054222484421739,0,9.503434109419207
188.8836923076923,5.17526908167647,-7.96890083660541,0,9.501936150669863
189.4343736263736,5.30484658204356,-7.88143044695896,0,9.500439102971555
189.9850549450549,5.43297839564863,-7.79183256027784,0,9.498942514563961
190.5357362637363,5.55962623049271,-7.70012868651351,0,9.497443109155792
191.0864175824176,5.68475764323315,-7.60634731150219,0,9.495945918416675
191.6370989010989,5.808338235214199,-7.51051266848658,0,9.494450673848837
192.1877802197802,5.93032962145049,-7.41265152386827,0,9.492955916539362
192.7384615384615,6.050700536642101,-7.31278860710372,0,9.491462173780548
193.2891428571428,6.16941499385005,-7.21095100856803,0,9.489968167191611
193.8398241758242,6.28644554082001,-7.10715780361667,0,9.48847140393041
194.3905054945055,6.401755584063411,-7.00143977624829,0,9.48697177704871
194.9411868131868,6.51531495276574,-6.89382471397139,0,9.485470368974623
195.4918681318681,6.62709152118491,-6.7843430196879,0,9.483968169439882
196.0425494505494,6.73705341834742,-6.673022010892421,0,9.482463367686762
196.5932307692308,6.84516992911891,-6.55989693139464,0,9.480959820030597
197.1439120879121,6.95140835402831,-6.44499109834914,0,9.479450847082559
197.6945934065934,7.05574082263046,-6.32833832914012,0,9.477939890303057
198.2452747252747,7.15813693055646,-6.20996994658357,0,9.476426069677714
198.795956043956,7.25856770957206,-6.08991150930194,0,9.474905138605369
199.3466373626374,7.35700831592653,-5.96819931123068,0,9.473382414913191
199.8973186813187,7.45342731333633,-5.84486315738222,0,9.471853252859869
200.448,7.54779975171574,-5.71994063794693,0,9.470322169474326
200.9986813186813,7.64009792112118,-5.59346536294266,0,9.468788254616291
201.5493626373626,7.73029254776826,-5.465470059562,0,9.467248060870178
202.1000439560439,7.81836247208219,-5.335986878422441,0,9.4657037620855
202.6507252747253,7.904277585801891,-5.20505216296388,0,9.464151952107761
203.2014065934066,7.98801946190914,-5.07269792489279,0,9.46259579402242
203.7520879120879,8.06955802543488,-4.938962676929799,0,9.461031606012426
204.3027692307692,8.14887285764363,-4.80388189499617,0,9.45946140703122
204.8534505494505,8.22594260875967,-4.667494821275159,0,9.457887698066534
205.4041318681319,8.30074165665955,-4.52983796999047,0,9.456307106104926
205.9548131868132,8.373247955889511,-4.39094568670536,0,9.454717624255325
206.5054945054945,8.443442103777961,-4.2508540494085,0,9.453119839990554
207.0561758241758,8.51130662759952,-4.10960242266704,0,9.451516946046826
207.6068571428571,8.57681811733803,-3.96722751613285,0,9.449904929821225
208.1575384615385,8.639960806963909,-3.82377589150812,0,9.448290047111762
208.7082197802198,8.700707108665011,-3.679284213352989,0,9.446662718304404
209.2589010989011,8.75905000083678,-3.53379050018868,0,9.44503214480409
209.8095824175824,8.81496502925321,-3.38733208425542,0,9.443390657808413
210.3602637362637,8.868434655992679,-3.23994816320857,0,9.441736987858251
210.910945054945,8.919453293929269,-3.09167782441497,0,9.440080446297317
211.4616263736264,8.967996810752791,-2.94256879306879,0,9.43841500992696
212.0123076923077,9.014050166647891,-2.79265670171207,0,9.436738412209074
212.562989010989,9.057603835240979,-2.64198522102144,0,9.435055545372682
213.1136703296703,9.09864024923208,-2.49059497823467,0,9.433361952695007
213.6643516483516,9.137145558769109,-2.33852780470767,0,9.431656336801344
214.215032967033,9.173111287845021,-2.185824698350688,0,9.429941691819183
214.7657142857143,9.2065264684719,-2.032526952372534,0,9.428218040902239
215.3163956043956,9.237384069793531,-1.878680158725385,0,9.426489462767343
215.8670769230769,9.26566512554254,-1.724323492232373,0,9.424746241918649
216.4177582417582,9.291360619889879,-1.569502786080044,0,9.422988971889623
216.9684395604395,9.314484389093,-1.41425735198292,0,9.421238946778441
217.5191208791209,9.33499616938961,-1.258629500434341,0,9.419463981664896
218.0698021978022,9.352916699893541,-1.10267279422911,0,9.4176928218264
218.6204835164835,9.36822006487253,-0.946414718382552,0,9.415903992875638
219.1711648351648,9.38091703772557,-0.789909432174513,0,9.414115007781037
219.7218461538461,9.3909898266923,-0.633208955153748,0,9.412313398199466
220.2725274725275,9.3984338629158,-0.476334022843322,0,9.410496967584683
220.8232087912088,9.403266465876531,-0.319334412709887,0,9.408687192983878
221.3738901098901,9.40546619247263,-0.1622657490343897,0,9.406865815512374
221.9245714285714,9.405031917793629,-0.005171426011743897,0,9.405033339566845
222.4752527472527,9.40196295646364,0.1519070622643878,0,9.40319005392746
223.0259340659341,9.396247288890699,0.308925243377752,0,9.401324264165225
223.5766153846154,9.387902407443079,0.465843458267342,0,9.399453268104802
224.1272967032967,9.376944855601099,0.6226245642620649,0,9.397593105311937
224.677978021978,9.36334595149812,0.779217514005292,0,9.395713242834139
225.2286593406593,9.347104304723839,0.935577522703916,0,9.393809886535692
225.7793406593406,9.328258039688372,1.091655273805946,0,9.391917231952116
226.330021978022,9.306773628256309,1.247420798120162,0,9.389999681320008
226.8807032967033,9.28267847359988,1.402808496532957,0,9.388077083310494
227.4313846153846,9.255966924905589,1.557794306921428,0,9.386141210189789
227.9820659340659,9.226657419847999,1.712322202065484,0,9.384202388425056
228.5327472527472,9.194748647759241,1.866352380267172,0,9.382253135723813
229.0834285714286,9.1602459062892,2.0198446047639,0,9.380291961931775
229.6341098901099,9.123160208888461,2.172752136279123,0,9.378320960745118
230.1847912087912,9.08350383844431,2.32503048482803,0,9.376343036515472
230.7354725274725,9.041286210766991,2.47663738787975,0,9.374358063144866
231.2861538461538,8.996520849698381,2.62753027416812,0,9.372369110354526
231.8368351648352,8.949211759765859,2.77766157179222,0,9.37036791852608
232.3875164835165,8.899379262002579,2.92699562401175,0,9.3683645654909
232.9381978021978,8.84703043497918,3.07548304229234,0,9.36635166224692
233.4888791208791,8.792182232800229,3.22308759671271,0,9.364334577045575
234.0395604395604,8.734842370035711,3.36976203926595,0,9.362305668511837
234.5902417582417,8.675036352573379,3.51546720687504,0,9.360275925478021
235.1409230769231,8.612771954725709,3.66016097196022,0,9.358238033132652
235.6916043956044,8.54806915796245,3.8037991121613,0,9.356194419473548
236.2422857142857,8.480941738669539,3.94634386801373,0,9.354143611219397
236.792967032967,8.411412123782251,4.0877510769307,0,9.352088685585649
237.3436483516483,8.339494417248211,4.22798326874291,0,9.350027254296325
237.8943296703297,8.265211580864779,4.36699763835801,0,9.347961855393169
238.445010989011,8.18858194478795,4.50475323824296,0,9.345890861976061
238.9956923076923,8.10962686852799,4.6412112884584,0,9.343815610919597
239.5463736263736,8.02836582726567,4.77633060090314,0,9.341733878971876
240.0970549450549,7.94482416361816,4.910073554459339,0,9.339649527739891
240.6477362637362,7.85902264092449,5.042401190692,0,9.337561064777882
241.1984175824176,7.770982738062131,5.17327496838263,0,9.33546713420137
241.7490989010989,7.68072973274998,5.30265607020657,0,9.333368664445231
242.2997802197802,7.58829178954039,5.430508265609721,0,9.331269597759009
242.8504615384615,7.4936907542477,5.55679377932738,0,9.329167070337466
243.4011428571428,7.39695497346044,5.68147481637675,0,9.327062719233981
243.9518241758242,7.29811023515051,5.804517522738809,0,9.324957730531036
244.5025054945055,7.19718324212832,5.925881086991151,0,9.32284898933433
245.0531868131868,7.09419990520253,6.04552925643229,0,9.320734750294868
245.6038681318681,6.989191850229069,6.16342466283162,0,9.318616114730208
246.1545494505494,6.88218537188418,6.27954181024052,0,9.316497240891309
246.7052307692308,6.7732169357448,6.39384456809712,0,9.31438221352577
247.2559120879121,6.66231186364376,6.50629737165009,0,9.31226636521901
247.8065934065934,6.549500197986379,6.61686494272688,0,9.310147931891933
248.3572747252747,6.4348125938848,6.725515320915569,0,9.308027151351057
248.907956043956,6.318284060645061,6.832215124309061,0,9.305905489302956
249.4586373626373,6.19994896326095,6.936934331029009,0,9.303785523110978
250.0093186813187,6.07984084311747,7.03964277515,0,9.30166840299959
250.56,5.95798480833061,7.14030514110531,0,9.299545176211215
251.1106813186813,5.83442169747557,7.238895569765949,0,9.297423600866576
251.6613626373626,5.709186306899349,7.33538421060805,0,9.295303642384411
252.2120439560439,5.58231570784232,7.42974350283086,0,9.293187675920489
252.7627252747253,5.45384668027159,7.52194107771812,0,9.291073198967526
253.3134065934066,5.32381303983117,7.61194663510049,0,9.288956715298768
253.8640879120879,5.19224724370248,7.699738070610801,0,9.286840032850213
254.4147692307692,5.05919065231225,7.78528738414288,0,9.284724536039716
254.9654505494505,4.92467988097657,7.86857548043532,0,9.282615580826523
255.5161318681319,4.7887583861642,7.94957032724545,0,9.280510506910666
256.0668131868132,4.651463875343429,8.028245880799631,0,9.27840762772369
256.6174945054945,4.51282923990619,8.104580282346959,0,9.276305800347432
257.1681758241758,4.37289444518138,8.178547857729679,0,9.274203517816121
257.7188571428571,4.2317044582685,8.250126366173969,0,9.272103735397291
258.2695384615384,4.08930398379651,8.319297751074501,0,9.270011981811418
258.8202197802198,3.94572792734883,8.38603592234209,0,9.267921415693621
259.3709010989011,3.80101534920635,8.45032134426814,0,9.265832315895642
259.9215824175824,3.65520820655947,8.51213730259475,0,9.263748080098289
260.4722637362637,3.50835278776172,8.571466271182191,0,9.26167227456302
261.022945054945,3.3604917890729,8.62828002831148,0,9.259596174314792
261.5736263736264,3.21166390081267,8.68256720079059,0,9.257524410339288
262.1243076923077,3.06191224093608,8.73431101788597,0,9.255457607723049
262.674989010989,2.91128186562596,8.78349180437576,0,9.25339345206172
263.2256703296703,2.75981925585484,8.830093291856251,0,9.251332329338943
263.7763516483516,2.60756421043544,8.87410742546748,0,9.249279631964907
264.3270329670329,2.45456112543758,8.91551290481034,0,9.247228810532867
264.8777142857143,2.3008571540716,8.954299208408941,0,9.24518350045879
265.4283956043956,2.146495889701719,8.990452678821571,0,9.243142537829671
265.9790769230769,1.991522395394676,9.023959895172659,0,9.241104568234421
266.5297582417582,1.835977147242922,9.05480876452229,0,9.239067801854684
267.0804395604395,1.679915425072844,9.08299534177112,0,9.23704066322291
267.6311208791209,1.523378603100529,9.10850225106557,0,9.235014652183887
268.1818021978022,1.366405444052597,9.131332948366239,0,9.233000880074444
268.7324835164835,1.209051295848466,9.151471683044671,0,9.230993391914074
269.2831648351648,1.051357188093966,9.16890467978433,0,9.228985045167635
269.8338461538461,0.893371207334086,9.183633755256789,0,9.226984397124852
270.3845274725275,0.7351431423016119,9.195668534616061,0,9.225007058978383
270.9352087912088,0.576718525478633,9.204963132526931,0,9.223012009577472
271.4858901098901,0.418136872637039,9.211532373411909,0,9.22101768302579
272.0365714285714,0.25944849600134,9.21539095593138,0,9.21904246615337
272.5872527472527,0.1007022549278424,9.216539928757431,0,9.217090061539357
273.137934065934,-0.05804994288846452,9.21495006170116,0,9.215132903844392
273.6886153846154,-0.2167641233055292,9.210616963507171,0,9.21316729108934
274.2392967032967,-0.375399924997783,9.203556579468081,0,9.211209411101159
274.789978021978,-0.533907177295458,9.19378713405966,0,9.209276776184357
275.3406593406593,-0.692229320675516,9.18129854428237,0,9.207357079620865
275.8913406593406,-0.8503277319377041,9.166061388710201,0,9.205418981953308
276.442021978022,-1.008166543253213,9.148107504220889,0,9.203492309320287
276.9927032967033,-1.1656774822074,9.12743242827478,0,9.201566536478852
277.5433846153846,-1.322828617047404,9.1040369053802,0,9.199639314919049
278.0940659340659,-1.479566206891456,9.0779450069733,0,9.197728073291069
278.6447472527472,-1.635846277267579,9.04914152391415,0,9.195811838150968
279.1954285714286,-1.791619035352455,9.017639435900211,0,9.193895788170536
279.7461098901099,-1.946837597538309,8.9834545199266,0,9.191987366330439
280.2967912087912,-2.101456825550706,8.94659154187416,0,9.19008275298911
280.8474725274725,-2.255428988589587,8.907059281905429,0,9.188180721663452
281.3981538461538,-2.40871013964154,8.86487036393164,0,9.186283857258356
281.9488351648351,-2.56125103498888,8.82003995030308,0,9.184395003982242
282.4995164835165,-2.71300911769884,8.772576105815901,0,9.182511094741411
283.0501978021978,-2.86393434077757,8.72248703455913,0,9.180626338999817
283.6008791208791,-3.01398655895213,8.66979427554101,0,9.178749792741263
284.1515604395604,-3.16311567691186,8.614505655877901,0,9.176873567870373
284.7022417582417,-3.31127666285433,8.556642167592489,0,9.175002905840717
285.2529230769231,-3.45842655784294,8.496217204098119,0,9.173135834337472
285.8036043956044,-3.60451973694315,8.43325081578522,0,9.171274821743964
286.3542857142857,-3.74951334351837,8.367753876189489,0,9.16941411681829
286.904967032967,-3.89336059998505,8.29974937630619,0,9.167556733994665
287.4556483516483,-4.0360222854022,8.22925403194764,0,9.165702254087773
288.0063296703296,-4.17744989051192,8.156291045755079,0,9.163851330679833
288.557010989011,-4.3176010330448,8.08087898904777,0,9.162002178355081
289.1076923076923,-4.45643540084488,8.003037438296859,0,9.160154186512617
289.6583736263736,-4.59390890246976,7.922792206303519,0,9.158309633794586
290.2090549450549,-4.72997700267636,7.84016397257166,0,9.156465123761347
290.7597362637363,-4.86460094561277,7.75518076069598,0,9.154625660895466
291.3104175824176,-4.99773676323232,7.66786034998447,0,9.152784008236392
291.8610989010989,-5.12934501890857,7.57823149464183,0,9.150943826151677
292.4117802197802,-5.259383156354509,7.48631840476611,0,9.149102384544909
292.9624615384615,-5.38781478282586,7.39215255524754,0,9.14726557688633
293.5131428571428,-5.51460144218476,7.295759817164051,0,9.145432760448893
294.0638241758242,-5.639699935658021,7.19716636561218,0,9.143599896023465
294.6145054945055,-5.763070853738419,7.096399237195429,0,9.141765026452887
295.1651868131868,-5.88467542521104,6.99348851995425,0,9.139928147355132
295.7158681318681,-6.00448044904159,6.8884640143392,0,9.138091810644541
296.2665494505494,-6.12244499801861,6.78136053805215,0,9.136256536504108
296.8172307692308,-6.238534999986991,6.67220483484373,0,9.134420414244941
297.3679120879121,-6.35270825711623,6.56103468304998,0,9.13258333179706
297.9185934065934,-6.46493190626033,6.44787996907967,0,9.130744802492384
298.4692747252747,-6.57517487826681,6.332774385721549,0,9.128907716711891
299.019956043956,-6.68339860630157,6.21575282191508,0,9.127069632355122
299.5706373626373,-6.789570173644901,6.09684739019387,0,9.125229380249149
300.1213186813187,-6.89365475872431,5.97609165535049,0,9.12338464637067
300.672,-6.99562253044854,5.85352631216539,0,9.121540707343897
301.2226813186813,-7.09543874071036,5.729187839567651,0,9.119695401943163
301.7733626373626,-7.19307020925506,5.603110756876649,0,9.117845644070723
302.3240439560439,-7.28848917354858,5.47533413810025,0,9.11599464440282
302.8747252747253,-7.38166413310516,5.3458957586007,0,9.114141036641692
303.4254065934066,-7.47256423630074,5.21483588287952,0,9.112284540718024
303.9760879120879,-7.56116357679068,5.082191815379691,0,9.110426350248288
304.5267692307692,-7.64742974868579,4.94800430412797,0,9.108563462739518
305.0774505494505,-7.73133856260962,4.81231203367212,0,9.106697704388791
305.6281318681318,-7.81286042740732,4.67515957911948,0,9.104828672104704
306.1788131868132,-7.89197320782032,4.53658656289144,0,9.102958791270064
306.7294945054945,-7.968647227231481,4.39663432763388,0,9.101084113609355
307.2801758241758,-8.042854654521991,4.25534605925337,0,9.099202222050527
307.8308571428571,-8.11457666552198,4.11276558769668,0,9.097318024559536
308.3815384615384,-8.18378940349556,3.96893197763703,0,9.095429074204031
308.9322197802198,-8.25047003617003,3.82388952141811,0,9.093535445015362
309.4829010989011,-8.314598679882529,3.67768782786115,0,9.091641159147361
310.0335824175824,-8.37614749264309,3.53036874856481,0,9.089738737684058
310.5842637362637,-8.43510013979154,3.38197932945517,0,9.087832445262913
311.134945054945,-8.4914384969167,3.23255951960832,0,9.085921460959769
311.6856263736263,-8.54513698473289,3.0821592166489,0,9.084000854503685
312.2363076923077,-8.596191530797491,2.93081747614865,0,9.082081254462155
312.786989010989,-8.64457410125754,2.77859041818448,0,9.08015562114214
313.3376703296703,-8.69027380927937,2.6255186829205,0,9.07822709754562
313.8883516483516,-8.733269364805221,2.47165279337515,0,9.076291165957853
314.439032967033,-8.773545661652349,2.31704089274923,0,9.07434746831809
314.9897142857143,-8.81108807759734,2.161727885848846,0,9.072394422843095
315.5403956043956,-8.84588750227257,2.005761831173197,0,9.070435834415747
316.0910769230769,-8.87793506734193,1.84918944725237,0,9.068474660700613
316.6417582417582,-8.907215382655881,1.692062403810078,0,9.066507654626951
317.1924395604395,-8.93371157122686,1.534426422144251,0,9.064527945946612
317.7431208791209,-8.95743243654797,1.376333676552514,0,9.062554289191004
318.2938021978022,-8.97835630770569,1.217827032782117,0,9.060573087277286
318.8444835164835,-8.99646874437887,1.058967748525873,0,9.058579500175725
319.3951648351648,-9.01177678195735,0.899784513557482,0,9.056585059428496
319.9458461538461,-9.02426993136962,0.740356600012176,0,9.05458865379336
320.4965274725275,-9.033931577812371,0.580711940793177,0,9.052576766356378
321.0472087912088,-9.04078219048357,0.420892959684259,0,9.050574208263068
321.5978901098901,-9.0448031376214,0.260966612562481,0,9.048567144647723
322.1485714285714,-9.04598727918412,0.1009854241858711,0,9.046550940057703
322.6992527472527,-9.044336142234751,-0.0590031697654168,0,9.0445286017446
323.249934065934,-9.039848093629448,-0.2189528438901336,0,9.042499317320601
323.8006153846154,-9.03250919328336,-0.378808520042822,0,9.040449005530945
324.3512967032967,-9.02234395210826,-0.538529830522035,0,9.038401671120099
324.901978021978,-9.00936677473662,-0.6980716067856441,0,9.036370601625878
325.4526593406593,-8.99352897698418,-0.857371917895101,0,9.034304072005172
326.0033406593407,-8.974879553501131,-1.016385119878404,0,9.032247877010622
326.554021978022,-8.95339420357783,-1.175052757245287,0,9.030172575702572
327.1047032967033,-8.92909373934846,-1.333334566452107,0,9.028094819626558
327.6553846153846,-8.901980483314439,-1.491178244067547,0,9.026010695810832
328.2060659340659,-8.87206428232526,-1.648525664126926,0,9.023921625047326
328.7567472527472,-8.83934576193494,-1.805335664625382,0,9.021821898098276
329.3074285714285,-8.80384041206718,-1.961554010482657,0,9.019717298074692
329.8581098901099,-8.76555622699761,-2.117130957865707,0,9.017606082625807
330.4087912087912,-8.72450337308517,-2.272018767766056,0,9.015488250120217
330.9594725274725,-8.68069503464295,-2.4261675312155,0,9.013365363392248
331.5101538461538,-8.634146745766721,-2.57953017494825,0,9.011241088268729
332.0608351648352,-8.58486343340212,-2.73205168856755,0,9.009105760238894
332.6115164835165,-8.53287185468203,-2.88368731924828,0,9.00697255705923
333.1621978021978,-8.478174833365781,-3.03438750319423,0,9.004829594426438
333.7128791208791,-8.42079460031262,-3.18410782425963,0,9.002684285098837
334.2635604395604,-8.360748102034901,-3.33279704219968,0,9.000535814615436
334.8142417582417,-8.298048887312969,-3.48040969540078,0,8.998381353558859
335.364923076923,-8.23271822050557,-3.62689568029697,0,8.996222628081256
335.9156043956044,-8.164778016689439,-3.77220775320539,0,8.994062007522407
336.4662857142857,-8.09424539099161,-3.91629734745668,0,8.991895982677132
337.016967032967,-8.02113998065918,-4.0591203295837,0,8.989724380611946
337.5676483516483,-7.945485909918959,-4.20062888726715,0,8.987548575293708
338.1183296703297,-7.86730460775779,-4.34077644808301,0,8.985367102321367
338.669010989011,-7.78662160199333,-4.47952072393957,0,8.983183282602736
339.2196923076923,-7.70346010073046,-4.61681698417769,0,8.98099641403657
339.7703736263736,-7.61784656756209,-4.75261903817821,0,8.978806939063313
340.3210549450549,-7.52980787208686,-4.88688195693299,0,8.976615278128971
340.8717362637362,-7.43936927937045,-5.01956210031826,0,8.974420257252959
341.4224175824176,-7.3465551105892,-5.15061672000046,0,8.972219602153782
341.9730989010989,-7.25139721412222,-5.28000325676334,0,8.970016496551775
342.5237802197802,-7.15392714124786,-5.40767672066082,0,8.967811386144321
343.0744615384615,-7.05417441344109,-5.53359581170932,0,8.965604232990316
343.6251428571428,-6.95216848968587,-5.65772002275483,0,8.963394589376394
344.1758241758242,-6.847940911655741,-5.78000759259171,0,8.96118198118676
344.7265054945055,-6.74152215140444,-5.90042100917577,0,8.958966960727087
345.2771868131868,-6.6329459266762,-6.01891841719445,0,8.956748884447578
345.8278681318681,-6.5222503230341,-6.13546179487832,0,8.954531853353915
346.3785494505494,-6.409468374543851,-6.25001120624157,0,8.952313942351608
346.9292307692307,-6.29463288894927,-6.36252807201351,0,8.95009310978393
347.4799120879121,-6.17778201622176,-6.47297783229711,0,8.947873080087959
348.0305934065934,-6.05894906194998,-6.581321299789099,0,8.945649992390839
348.5812747252747,-5.9381721637236,-6.68752460817884,0,8.943426302654892
349.131956043956,-5.81549094738906,-6.79154774681333,0,8.941199905852084
349.6826373626374,-5.690945689871389,-6.8933594079932,0,8.938974592918033
350.2333186813187,-5.56457374326977,-6.99292251978207,0,8.936746964749677
350.784,-5.43641597034027,-7.090206161601269,0,8.934519685835346
351.3346813186813,-5.30651329272911,-7.18517880589161,0,8.932294094942504
351.8853626373626,-5.17490548212849,-7.277805821733681,0,8.930067431314512
352.4360439560439,-5.04163421891433,-7.368057236096741,0,8.927840894176232
352.9867252747252,-4.90674189232351,-7.45590331849072,0,8.925615401335834
353.5374065934066,-4.770274521000919,-7.541310291741519,0,8.923389486178282
354.0880879120879,-4.63227332711312,-7.624251737923609,0,8.921164203192028
354.6387692307692,-4.49278262244034,-7.704698520032309,0,8.918939117243147
355.1894505494505,-4.35184829397475,-7.78262113518008,0,8.91671325699793
355.7401318681319,-4.209514033262391,-7.85799443499284,0,8.914487362524635
356.2908131868132,-4.065823822964401,-7.93079637376297,0,8.912264273543325
356.8414945054945,-3.92082493767976,-8.000997818494611,0,8.910041205487603
357.3921758241758,-3.77456616979715,-8.06857501197851,0,8.907819738527555
357.9428571428571,-3.62709532144085,-8.13350811611293,0,8.905603558754061
358.4935384615384,-3.47845603821987,-8.19576847213578,0,8.903385718853427
359.0442197802197,-3.32869837399763,-8.255338360226471,0,8.901170951446845
359.5949010989011,-3.17787286891671,-8.31219244701073,0,8.898956076256313
360.1455824175824,-3.0260225523617,-8.36631527690974,0,8.896743437913386
360.6962637362637,-2.87320466068295,-8.417682664886531,0,8.894531267520591
361.2469450549451,-2.71946241774995,-8.46628341920707,0,8.892324261738038
361.7976263736264,-2.56485165596444,-8.512090403918821,0,8.890115132077334
362.3483076923077,-2.40941801217055,-8.555092759275109,0,8.887907924656583
362.898989010989,-2.25321303754462,-8.59527501541155,0,8.885703212639902
363.4496703296703,-2.096287536671371,-8.63261909258051,0,8.883497837788294
364.0003516483516,-1.938692928724986,-8.66711305932,0,8.881293771457148
364.5510329670329,-1.78048334204508,-8.698747473346319,0,8.879095029131573
365.1017142857143,-1.621711363258615,-8.7275074182105,0,8.876898866194288
365.6523956043956,-1.462419412566835,-8.753381487684861,0,8.874703263050339
366.2030769230769,-1.3026700959456,-8.7763640024632,0,8.872514552402988
366.7537582417582,-1.142514718610896,-8.79642705424075,0,8.870313906667629
367.3044395604396,-0.981998310187869,-8.81360336683216,0,8.868141010891009
367.8551208791209,-0.821182744099558,-8.82783622940609,0,8.865947980471216
368.4058021978022,-0.660119351256963,-8.839159704711969,0,8.863774694976611
368.9564835164835,-0.498861397803052,-8.847565865677961,0,8.861618612969519
369.5071648351648,-0.337461929691537,-8.85301862059616,0,8.859448021779544
370.0578461538461,-0.1759717090680385,-8.855522845810949,0,8.857271076074841
370.6085274725274,-0.0144441868703783,-8.85508733181709,0,8.855099112299188
371.1592087912088,0.1470648840582072,-8.85171794922336,0,8.852939553206385
371.7098901098901,0.308499257467901,-8.845417066716911,0,8.850795155014325
372.2605714285714,0.469802645052211,-8.83616939467961,0,8.848649845980496
372.8112527472527,0.630929442264738,-8.82395476352665,0,8.846482330840951
373.3619340659341,0.791834714543152,-8.80880984726155,0,8.844327738181557
373.9126153846154,0.952436726717086,-8.790725287225991,0,8.842170932179158
374.4632967032967,1.112710741204179,-8.76971350619595,0,8.840022634266658
375.013978021978,1.272582969961938,-8.74576801414325,0,8.837868836583191
375.5646593406593,1.432010802120884,-8.718896856086991,0,8.835712609884645
376.1153406593406,1.590933621920859,-8.689119777085729,0,8.833565095130083
376.6660219780219,1.749299351861225,-8.65643465365922,0,8.831416032295971
377.2167032967033,1.907057743570629,-8.620851360778079,0,8.829266527970598
377.7673846153846,2.064154583482757,-8.58238588506803,0,8.827121933264989
378.3180659340659,2.220538030922286,-8.54104729709389,0,8.824980344338851
378.8687472527472,2.37615052589379,-8.49684506146642,0,8.822837826928001
379.4194285714286,2.530940796656,-8.44979141738119,0,8.820693641286185
379.9701098901099,2.68485798948888,-8.399910348515849,0,8.818557494671445
380.5207912087912,2.83784754903995,-8.34720776295155,0,8.81641968995752
381.0714725274725,2.98986179622874,-8.29170561101926,0,8.814287010323435
381.6221538461538,3.14084558744336,-8.23341325544161,0,8.812150976863936
382.1728351648351,3.29074608828222,-8.17235564656394,0,8.810017402449908
382.7235164835164,3.43951588244715,-8.10854748998791,0,8.807883508709423
383.2741978021978,3.58710268095332,-8.042014100281069,0,8.805753598234624
383.8248791208791,3.73345722896317,-7.97277051990591,0,8.803622699978577
384.3755604395604,3.87852477448334,-7.90084262112377,0,8.801492404703135
384.9262417582418,4.02225932264137,-7.82625289829149,0,8.799363868291353
385.4769230769231,4.16461174575428,-7.749023048599479,0,8.797235315745537
386.0276043956044,4.30553120772624,-7.66917656919541,0,8.795104787903352
386.5782857142857,4.444971312376531,-7.58674269852324,0,8.792976443812757
387.128967032967,4.582881701053839,-7.50174606178142,0,8.790847437039684
387.6796483516483,4.71921354709903,-7.41421308260841,0,8.788716182551621
388.2303296703296,4.85392133480971,-7.32417321948863,0,8.786584414526233
388.781010989011,4.98696011244629,-7.231657650551201,0,8.784454652276715
389.3316923076923,5.11828047155189,-7.1366945493728,0,8.782323387151994
389.8823736263736,5.24783642796986,-7.03931501791361,0,8.780190379265791
390.4330549450549,5.37558276028882,-6.93955019119721,0,8.778054845400522
390.9837362637363,5.50147821423848,-6.83743292263342,0,8.775918841537449
391.5344175824176,5.6254801729294,-6.73299585991741,0,8.773782560884831
392.0850989010989,5.747541463637271,-6.62627616476191,0,8.771645722891542
392.6357802197802,5.86761995949338,-6.51730721894312,0,8.769507248137332
393.1864615384615,5.98567067802465,-6.40612459693547,0,8.767364816022299
393.7371428571428,6.1016548819882,-6.29276355398148,0,8.765219075711004
394.2878241758241,6.21553317812289,-6.17726657709926,0,8.763074520560352
394.8385054945055,6.32726095595569,-6.05966906463363,0,8.760925771722937
395.3891868131868,6.4368008029896,-5.9400107213491,0,8.758774568802979
395.9398681318681,6.54411434118531,-5.818330191535861,0,8.756620280007862
396.4905494505495,6.6491637690036,-5.69466742586725,0,8.754462628754759
397.0412307692308,6.75191081191398,-5.569064277472879,0,8.75230121389029
397.5919120879121,6.85232051558577,-5.441567475217219,0,8.7501401723435
398.1425934065934,6.9503546081704,-5.31221638314394,0,8.747975313217248
398.6932747252747,7.04597769090163,-5.18105306644368,0,8.745805423057897
399.243956043956,7.13915675317858,-5.04812301770054,0,8.743632262869552
399.7946373626373,7.229858557958289,-4.91346996060371,0,8.741455360627185
400.3453186813186,7.31805006685123,-4.77714029395339,0,8.739274922386546
400.896,7.40369748622307,-4.63918186427016,0,8.737090181363527
401.4466813186813,7.48677104999229,-4.49963874750517,0,8.734900664177729
401.9973626373626,7.56724094216371,-4.3585583154548,0,8.732706686129958
402.548043956044,7.6450754909865,-4.21599059724891,0,8.730507200556774
403.0987252747253,7.72024943565047,-4.07198503008247,0,8.728305301367337
403.6494065934066,7.792734557476191,-3.92658773483628,0,8.726098963606265
404.2000879120879,7.86250058249998,-3.77984972392664,0,8.723885564659868
404.7507692307692,7.92952576513427,-3.63182313453697,0,8.721669458336871
405.3014505494505,7.99378427026244,-3.48255351286521,0,8.719447570199906
405.8521318681318,8.0552536367027,-3.33209415517759,0,8.71722218430738
406.4028131868131,8.113905529163439,-3.1804978922944,0,8.714988799710426
406.9534945054945,8.169720872645501,-3.02781991018765,0,8.712751146765774
407.5041758241758,8.222681078051259,-2.87410871699801,0,8.71051003262531
408.0548571428571,8.27275788547624,-2.71941914814933,0,8.708258352565714
408.6055384615385,8.31994017107583,-2.56380241546098,0,8.706002944853905
409.1562197802198,8.364207093772499,-2.40731079799173,0,8.703740896053937
409.7069010989011,8.40553927630622,-2.25000458278112,0,8.701471780570373
410.2575824175824,8.443922255008331,-2.091935546916419,0,8.699196364094645
410.8082637362637,8.47934406722098,-1.933159931221544,0,8.696918024794538
411.358945054945,8.51178769028218,-1.773729946500419,0,8.694633264695621
411.9096263736263,8.541236876804689,-1.613699101043401,0,8.692338705687705
412.4603076923077,8.567684972955469,-1.453129173405819,0,8.690040862413136
413.010989010989,8.591112076038151,-1.292076060578475,0,8.687730845817482
413.5616703296703,8.61152505342959,-1.130586141565848,0,8.685423925712911
414.1123516483516,8.628893627374101,-0.9687338845766029,0,8.68310143737042
414.663032967033,8.64324029001701,-0.8065592340453089,0,8.680791467890302
415.2137142857143,8.65451170213286,-0.644128549812798,0,8.678448847060086
415.7643956043956,8.662735967644231,-0.48149629288529,0,8.676107025917748
416.3150769230769,8.66793603305735,-0.318719034365568,0,8.673793685351347
416.8657582417582,8.67007112030119,-0.1558566244164828,0,8.671471877279844
417.4164395604395,8.66913555938515,0.0070342659751607,0,8.669138413238878
417.9671208791208,8.66512669924702,0.1698953758935224,0,8.666792091238463
418.5178021978022,8.65802704909232,0.332667424731561,0,8.664415733232783
419.0684835164835,8.6478536855253,0.495308469399076,0,8.662026543835568
419.6191648351648,8.63463978983531,0.65774821311024,0,8.659655709787595
420.1698461538462,8.61835850445782,0.819912824960084,0,8.657272107996517
420.7205274725275,8.5990213145824,0.981776335874506,0,8.65488603866773
421.2712087912088,8.576621605515019,1.143255065350932,0,8.652483476357386
421.8218901098901,8.551174629470189,1.304306524741516,0,8.650075320722816
422.3725714285714,8.52269391813534,1.464865620030685,0,8.64766690541264
422.9232527472527,8.491173026756549,1.624879160316358,0,8.645244453220993
423.473934065934,8.456628864538629,1.784285825263558,0,8.642814799518984
424.0246153846153,8.41907235354032,1.943030791580581,0,8.640378924050566
424.5752967032967,8.378515495129621,2.101056647464146,0,8.637937308060325
425.125978021978,8.334972359039821,2.258305047836202,0,8.635491063919892
425.6766593406593,8.2884551932381,2.41471930244212,0,8.633038792910767
426.2273406593407,8.23897595368493,2.57024166157579,0,8.630577440953669
426.778021978022,8.18655786082741,2.72482036929861,0,8.628115417263475
427.3287032967033,8.131211536611231,2.87839609454507,0,8.625645780474171
427.8793846153846,8.07295547766555,3.03091492207316,0,8.623169684589069
428.4300659340659,8.011814755383339,3.18231935875611,0,8.620692093776004
428.9807472527472,7.94780463956282,3.33255433136087,0,8.618208454204876
429.5314285714285,7.880944769932,3.48156725362661,0,8.615718252603417
430.0821098901098,7.81125609746743,3.62930304819906,0,8.613220212898836
430.6327912087912,7.738766565286911,3.77570542367791,0,8.610717705185401
431.1834725274725,7.66349697408479,3.92072185648708,0,8.608208045101037
431.7341538461538,7.58547635411148,4.06430184672097,0,8.605695847521215
432.2848351648352,7.50473241237047,4.20639054011391,0,8.60318138581558
432.8355164835165,7.42128622132062,4.34693363436849,0,8.600658184137266
433.3861978021978,7.33517232744919,4.48588300860625,0,8.598133485837414
433.9368791208791,7.24641464513356,4.62318463230641,0,8.595601279352149
434.4875604395604,7.155048867494109,4.75878894670713,0,8.593066771271516
435.0382417582417,7.06110378746024,4.89264350588801,0,8.590526594626983
435.588923076923,6.96461108944713,5.024698629237379,0,8.587980201532252
436.1396043956044,6.86560351735899,5.15490942517048,0,8.58542968285709
436.6902857142857,6.7641184346415,5.2832268277339,0,8.582877367826256
437.240967032967,6.66019238180309,5.40959950826916,0,8.580322220202097
437.7916483516483,6.55385874034021,5.53398296278518,0,8.577763800707642
438.3423296703297,6.44515771652456,5.65632561062213,0,8.575201304007731
438.893010989011,6.33412342473507,5.77658453762045,0,8.572633695665131
439.4436923076923,6.22079572245562,5.894714846572519,0,8.570061991778392
439.9943736263736,6.10521560257787,6.01067532198072,0,8.567489444418843
440.5450549450549,5.987421806389371,6.12441756038911,0,8.564911578155927
441.0957362637362,5.86745738713724,6.23589782273848,0,8.562328996570143
441.6464175824175,5.7453675420361,6.345077579947199,0,8.559746356559319
442.1970989010989,5.6211935108572,6.45191218559393,0,8.55716000417887
442.7477802197802,5.49497938370132,6.55636418970718,0,8.5545724507644
443.2984615384615,5.36676824854029,6.658392314769269,0,8.551981621292148
443.8491428571429,5.23660798877125,6.75795929280279,0,8.549390447935014
444.3998241758242,5.10454536315494,6.85502330513681,0,8.546796351761015
444.9505054945055,4.97062755382734,6.949546920442749,0,8.544199241491437
445.5011868131868,4.83490230118341,7.041492841019521,0,8.541598310159392
446.0518681318681,4.69741899724058,7.130826239430689,0,8.538994559817327
446.6025494505494,4.55822535660336,7.217516785545911,0,8.536390744993977
447.1532307692307,4.41737671271041,7.301525706261851,0,8.533785482492448
447.703912087912,4.27492004547223,7.38282508221055,0,8.531180902413071
448.2545934065934,4.13090626915176,7.46138065358471,0,8.528574784933618
448.8052747252747,3.98538827260172,7.53716002472565,0,8.525966274957559
449.355956043956,3.83841850955717,7.61013310154171,0,8.523355118595724
449.9066373626374,3.69005403034324,7.680272172618801,0,8.520744063305452
450.4573186813187,3.54034568581453,7.74755022755333,0,8.518132547896117
451.008,3.38934973734456,7.81193729146919,0,8.515518533118499
451.5586813186813,3.23712122338906,7.87341216938581,0,8.51290626072838
452.1093626373626,3.08371483077231,7.93194250382136,0,8.510288422929799
452.6600439560439,2.92918428093239,7.98751404615261,0,8.507673077237197
453.2107252747252,2.77359151734493,8.040099024743,0,8.505057450291627
453.7614065934065,2.61699165846894,8.08967905012269,0,8.50244391186969
454.3120879120879,2.45944490104955,8.13622564368889,0,8.499825700937597
454.8627692307692,2.30100688887998,8.179726545157999,0,8.497208897999128
455.4134505494505,2.141738467910138,8.220160855007251,0,8.494591699847591
455.9641318681319,1.9816952219747,8.25750887903215,0,8.491970845457027
456.5148131868132,1.82093875908999,8.29175555649946,0,8.489347923904159
457.0654945054945,1.659528375653263,8.32288678185704,0,8.486723679560269
457.6161758241758,1.497526819318621,8.350893310456641,0,8.484103114484643
458.1668571428571,1.334987760510998,8.375760302640309,0,8.481482946277699
458.7175384615384,1.171974235126221,8.39747887986405,0,8.47886638328276
459.2682197802197,1.008557675376988,8.416023763488941,0,8.47624000203937
459.8189010989011,0.8447827489092921,8.431416537741779,0,8.473632203828551
460.3695824175824,0.680723783739127,8.44360954589124,0,8.471005078101051
460.9202637362637,0.51644217604066,8.45262107344332,0,8.468383289176966
461.470945054945,0.351989384970111,8.458469383377929,0,8.465790030273219
462.0216263736264,0.1874342155169991,8.46112186099643,0,8.463197665881269
462.5723076923077,0.0228409383375148,8.46056841472133,0,8.46059924642719
463.122989010989,-0.1417285124314245,8.456808262269201,0,8.457995800189348
463.6736703296703,-0.306210533228782,8.449826200593851,0,8.455372712713649
464.2243516483516,-0.470558652655565,8.439639913771771,0,8.452747915306514
464.7750329670329,-0.6347042978427531,8.426267048430979,0,8.450137627114353
465.3257142857142,-0.798560436400219,8.409691270544,0,8.447520703522878
465.8763956043956,-0.962094113120851,8.38993151621063,0,8.444914204964205
466.4270769230769,-1.125224833345222,8.36696893859418,0,8.442292351309366
466.9777582417582,-1.287900455550762,8.34082833997785,0,8.43967445938441
467.5284395604396,-1.45005301027999,8.311518996204171,0,8.437061203812904
468.0791208791209,-1.611626620726547,8.2790365957545,0,8.434440545672055
468.6298021978022,-1.772555575917522,8.24339830106763,0,8.431818832242602
469.1804835164835,-1.932776394450022,8.20461734387314,0,8.429197491477298
469.7311648351648,-2.092228142876954,8.16270704617855,0,8.426577295888247
470.2818461538461,-2.250847969861849,8.11768179586503,0,8.423958352363199
470.8325274725274,-2.40857069602049,8.06955131819408,0,8.421334293014167
471.3832087912087,-2.56534420948859,8.01834095061847,0,8.418716203407842
471.9338901098901,-2.7210999782325,7.96405900977698,0,8.416092977311195
472.4845714285714,-2.87578696113174,7.906727992182219,0,8.413471232979477
473.0352527472527,-3.02933703734761,7.846369576971281,0,8.410850041717929
473.5859340659341,-3.18169133458751,7.78300210543322,0,8.40822701416697
474.1366153846154,-3.33279197259093,7.71664824442785,0,8.405603039687156
474.6872967032967,-3.48257773533016,7.647331558148711,0,8.402977308244653
475.237978021978,-3.63099279286221,7.57507739751415,0,8.400351554556932
475.7886593406593,-3.77797689334738,7.4999103063699,0,8.397723739815461
476.3393406593406,-3.92347213263392,7.42185919361669,0,8.395095441114862
476.8900219780219,-4.0674234451077,7.34095287679025,0,8.392468207927083
477.4407032967032,-4.209771355365,7.25721714615097,0,8.389837636738823
477.9913846153846,-4.350459896376019,7.17068117242854,0,8.387202739089904
478.5420659340659,-4.48943382978263,7.08138029190457,0,8.384566950688102
479.0927472527472,-4.62663769844725,6.98934794315894,0,8.381930628634036
479.6434285714286,-4.76201523337269,6.894616495116431,0,8.379291479451298
480.1941098901099,-4.89551253443145,6.79722240828801,0,8.376650610029531
480.7447912087912,-5.02707796711742,6.69719832124716,0,8.374006104702408
481.2954725274725,-5.156659804965139,6.59458104030781,0,8.37135827935529
481.8461538461538,-5.28420575130289,6.48941153086839,0,8.368709126207587
482.3968351648351,-5.40966500165072,6.38172834152716,0,8.36605833443299
482.9475164835164,-5.53298639553854,6.27157512527844,0,8.363407977925377
483.4981978021978,-5.65411649373306,6.15898937765573,0,8.360752566532533
484.0488791208791,-5.77300855986797,6.04401100180958,0,8.358091697409408
484.5995604395604,-5.88961297765438,5.926686766437809,0,8.355426802624983
485.1502417582417,-6.00388721305276,5.80705758409088,0,8.352758792878305
485.7009230769231,-6.11578401910181,5.685173703651619,0,8.350090670704898
486.2516043956044,-6.22525282729409,5.56107832253986,0,8.347416658652891
486.8022857142857,-6.332252476799979,5.43482206360817,0,8.344741595341443
487.352967032967,-6.43673496180749,5.30644953985464,0,8.342059918723816
487.9036483516483,-6.53866025586367,5.17601016894079,0,8.339374029901142
488.4543296703296,-6.63798641531405,5.04355490298289,0,8.33668457537507
489.0050109890109,-6.73467132522426,4.90913442810252,0,8.333990562268436
489.5556923076923,-6.82867580435192,4.772799981556521,0,8.331292391033173
490.1063736263736,-6.91996292859678,4.63460266226457,0,8.328591043521321
490.6570549450549,-7.00849054096129,4.49459801188514,0,8.325884394536459
491.2077362637363,-7.09422223772304,4.35284116703469,0,8.323173396225505
491.7584175824176,-7.17712120904093,4.2093871921786,0,8.320457282081458
492.3090989010989,-7.25715634092168,4.06428722146504,0,8.317736998435558
492.8597802197802,-7.33428972320601,3.9176005669342,0,8.315010519895237
493.4104615384615,-7.40848984298226,3.7693856220915,0,8.312279454012687
493.9611428571428,-7.47972430350892,3.61969845508347,0,8.309542259489128
494.5118241758241,-7.54796165811814,3.46859665369143,0,8.30679769456443
495.0625054945054,-7.613178576003589,3.31614271809996,0,8.304052658607569
495.6131868131868,-7.67533933191914,3.16239303915706,0,8.30129891006305
496.1638681318681,-7.73442006525023,3.00741430476027,0,8.298541712025196
496.7145494505494,-7.7903941213565,2.85126240111129,0,8.295778314664444
497.2652307692308,-7.84323572339722,2.69400023851742,0,8.293008133235263
497.8159120879121,-7.89292251513772,2.53568898111516,0,8.290231868827119
498.3665934065934,-7.93943192196517,2.37639308801471,0,8.287449749608358
498.9172747252747,-7.982744446714999,2.216171820926989,0,8.284662119931628
499.467956043956,-8.02283514002125,2.055091240660855,0,8.281864747229379
500.0186373626373,-8.059688894653879,1.893216732877866,0,8.27906121950163
500.5693186813186,-8.093291646321211,1.730614830937637,0,8.276255032650576
501.1199999999999,-8.123623617607549,1.567349861850109,0,8.273442226183292
501.6706813186813,-8.15066239781901,1.403485263375105,0,8.270614753918347
502.2213626373626,-8.174410230802739,1.239085963468703,0,8.267787893162092
502.7720439560439,-8.19484880829255,1.074214631672299,0,8.264955176265184
503.3227252747253,-8.2119620236702,0.9089480331862569,0,8.262112732542127
503.8734065934066,-8.22574982292028,0.743337575733466,0,8.259268181913596
504.4240879120879,-8.2362137884144,0.577473215650441,0,8.256433423898066
504.9747692307692,-8.24331796747877,0.411409830570168,0,8.253577961202529
505.5254505494505,-8.2470653249005,0.245206002018836,0,8.250709815319059
506.0761318681318,-8.247461031137339,0.07893305069750491,0,8.247838740338064
506.6268131868131,-8.244505352338761,-0.08733610106816909,0,8.244967925910462
507.1774945054945,-8.238201105821229,-0.2535342538545173,0,8.242101496452934
507.7281758241758,-8.228550371709771,-0.41959495152973,0,8.239241539311386
508.2788571428571,-8.215519996340291,-0.585446130184758,0,8.236353318163049
508.8295384615384,-8.199124183752311,-0.7510255637886689,0,8.233448656429218
509.3802197802198,-8.17939175145268,-0.9162577846966189,0,8.230551485274198
509.9309010989011,-8.15630223370089,-1.081090199552501,0,8.227637701493824
510.4815824175824,-8.129874396142359,-1.245436020554909,0,8.224716929982863
511.0322637362637,-8.10011038384285,-1.409240633448712,0,8.22178492745959
511.582945054945,-8.06702464947376,-1.572434290658763,0,8.218846408934576
512.1336263736264,-8.03063023226081,-1.73494735499481,0,8.215903130630545
512.6843076923077,-7.99093888459711,-1.896712010374581,0,8.212954444514184
513.234989010989,-7.94796268350513,-2.057660764874889,0,8.209998699250542
513.7856703296703,-7.901713943291099,-2.217724242204477,0,8.207032597477751
514.3363516483516,-7.85221882705437,-2.37683818824084,0,8.204066082195284
514.887032967033,-7.7994872631293,-2.53493502733343,0,8.201091217668422
515.4377142857143,-7.74354698493741,-2.69195164099616,0,8.198117073169618
515.9883956043956,-7.68440641225139,-2.84781979954525,0,8.195131452230173
516.5390769230769,-7.62209500173536,-3.00247408305549,0,8.192141529227817
517.0897582417582,-7.556635500940629,-3.15584921110345,0,8.189146740491253
517.6404395604395,-7.48805184254058,-3.30788042705912,0,8.186146426512062
518.1911208791208,-7.41636866472727,-3.45850663773855,0,8.183140737787062
518.7418021978021,-7.34161695688106,-3.60765986526191,0,8.180131370887946
519.2924835164835,-7.263822332691319,-3.75527873293131,0,8.177116438140731
519.8431648351648,-7.18301136873632,-3.90130062797728,0,8.174093155405751
520.3938461538461,-7.09922168619533,-4.04566215452093,0,8.171066687909786
520.9445274725274,-7.01248290536769,-4.18830105593079,0,8.168034171891366
521.4952087912087,-6.92283259167667,-4.32915664328792,0,8.164998979455211
522.04589010989,-6.83030178624383,-4.468167089493409,0,8.161956850584158
522.5965714285713,-6.73492800230564,-4.60527507152557,0,8.158910079211285
523.1472527472528,-6.63674947718156,-4.74042218485274,0,8.155859618305954
523.6979340659341,-6.5358052962986,-4.87354861309198,0,8.152804852030716
524.2486153846154,-6.43213397517453,-5.00459782730781,0,8.149745203850765
524.7992967032967,-6.325778514778341,-5.133511908502649,0,8.146681430666709
525.349978021978,-6.21678209224346,-5.26023619220681,0,8.143614945479763
525.9006593406593,-6.10518892574486,-5.384712870904369,0,8.140544485544002
526.4513406593406,-5.99104176290718,-5.50688743011485,0,8.137468314706664
527.002021978022,-5.87438778577426,-5.626707946286659,0,8.134388371012246
527.5527032967033,-5.75527599629637,-5.74412271518532,0,8.131306633048169
528.1033846153846,-5.63375058742876,-5.85907784222631,0,8.128218675861348
528.6540659340659,-5.50986447083736,-5.97152568268163,0,8.125129258413196
529.2047472527472,-5.38366941401647,-6.081415018176831,0,8.122038228346574
529.7554285714285,-5.255214758090689,-6.18869309843288,0,8.118941089837081
530.3061098901098,-5.1245558742696,-6.29331721777649,0,8.115843425798277
530.8567912087912,-4.99174361982706,-6.39523832112503,0,8.112741678993006
531.4074725274725,-4.85683431792109,-6.494413157116639,0,8.109638823465922
531.9581538461538,-4.71988301551343,-6.59079542797979,0,8.106533171067115
532.5088351648351,-4.580945760114989,-6.68434041424328,0,8.103423401908698
533.0595164835164,-4.44008013821231,-6.775006908041521,0,8.100310502552217
533.6101978021977,-4.29734912807594,-6.86274967479221,0,8.09719350314883
534.160879120879,-4.15280972820486,-6.94753540509385,0,8.094076651706821
534.7115604395605,-4.00652342214652,-7.02932179254966,0,8.090957594464466
535.2622417582418,-3.85854977977332,-7.10807375557456,0,8.087837715834596
535.8129230769231,-3.70894948193529,-7.183754671003269,0,8.084716286469758
536.3636043956044,-3.55778884927919,-7.256326743532631,0,8.081592621814231
536.9142857142857,-3.40512898045029,-7.32575861997079,0,8.078467845549598
537.464967032967,-3.25103670472945,-7.39201417103462,0,8.075339817015427
538.0156483516483,-3.0955753444904,-7.45506406654473,0,8.072209545700812
538.5663296703297,-2.93881396890068,-7.51487773939413,0,8.06907770329715
539.117010989011,-2.78081775377699,-7.57143205454056,0,8.065948842897877
539.6676923076923,-2.6216559373656,-7.6246906296406,0,8.062815082317929
540.2183736263736,-2.46139086733805,-7.674636152646631,0,8.059682690858606
540.7690549450549,-2.30009627387448,-7.72123433157501,0,8.056544077467947
541.3197362637362,-2.137839539591781,-7.76446880654246,0,8.053405102490057
541.8704175824175,-1.97469116890188,-7.80431926502959,0,8.050267349787278
542.4210989010988,-1.810721679083109,-7.84076238064484,0,8.047127916768622
542.9717802197802,-1.646002414052631,-7.87377945443895,0,8.043986999256775
543.5224615384615,-1.480602657731321,-7.90334921028349,0,8.04084031490302
544.0731428571428,-1.314592213859401,-7.92946315474596,0,8.037694856811468
544.6238241758241,-1.148047692788414,-7.95211285367238,0,8.034557383108188
545.1745054945054,-0.981039549018375,-7.97125667111121,0,8.03139910062208
545.7251868131867,-0.813639034334674,-7.98693247785086,0,8.028268735159651
546.275868131868,-0.645927111056015,-7.999085297096579,0,8.025122268415844
546.8265494505495,-0.477962902504672,-8.00771780702221,0,8.02196939741553
547.3772307692308,-0.309823993998409,-8.012852236886131,0,8.018839808689796
547.9279120879121,-0.1415960907832956,-8.01446119294828,0,8.015711925100545
548.4785934065934,0.02665063544321621,-8.01253579291901,0,8.012580114368767
549.0292747252747,0.1948414251991711,-8.00706610942173,0,8.009436363541676
549.579956043956,0.362905917145679,-7.998050299428661,0,8.006279366652793
550.1306373626373,0.530777244635709,-7.98552593340417,0,8.003146188624422
550.6813186813187,0.698371273194638,-7.96947509610844,0,8.00001598390379
551.232,0.865625663030279,-7.94987809172269,0,7.996866227576213
551.7826813186813,1.032446495056001,-7.92676747871627,0,7.993721813197362
552.3333626373626,1.198777809500709,-7.90013580543244,0,7.99057031636835
552.8840439560439,1.364532878403082,-7.870001914175461,0,7.98742011574253
553.4347252747252,1.529639116717494,-7.83637151556473,0,7.984266676241878
553.9854065934065,1.694024785470771,-7.79925431275773,0,7.981108181753919
554.5360879120879,1.857615534999961,-7.758667811153471,0,7.977948463088877
555.0867692307692,2.020337834843571,-7.71462937996816,0,7.974789742505336
555.6374505494505,2.182118571095125,-7.66715421741481,0,7.971630652002132
556.1881318681318,2.34288129740652,-7.61625631410039,0,7.968466164564628
556.7388131868131,2.5025567242624,-7.56196436099179,0,7.965305716358972
557.2894945054944,2.6610707879992,-7.50429539149931,0,7.962144627022324
557.8401758241757,2.81834881436072,-7.44327302836545,0,7.958982561496228
558.3908571428572,2.97432601075991,-7.37891757932358,0,7.955817988160206
558.9415384615385,3.12892519828032,-7.31126054148714,0,7.952653871629292
559.4922197802198,3.28207743264614,-7.240323349995629,0,7.949485171152721
560.0429010989011,3.43371144329628,-7.16614020678421,0,7.946316111199772
560.5935824175824,3.58375664234911,-7.08874039968363,0,7.943144977003013
561.1442637362637,3.73214453350601,-7.00815400113163,0,7.939970108417038
561.694945054945,3.87880851791724,-6.92441705826473,0,7.936794511353744
562.2456263736264,4.02368105935812,-6.83756297724592,0,7.933616876005632
562.7963076923077,4.16669437324296,-6.74763066451627,0,7.930438927621524
563.346989010989,4.30777761349147,-6.65465509171533,0,7.92725566365757
563.8976703296703,4.44686716150252,-6.55867920643733,0,7.924070954061611
564.4483516483516,4.58389725895924,-6.45974388179376,0,7.92088411094784
564.9990329670329,4.71880456940399,-6.35788901120867,0,7.917693429470223
565.5497142857142,4.85152625588433,-6.253157811606799,0,7.914498697226134
566.1003956043955,4.98199946402751,-6.145597935317911,0,7.911301576994405
566.6510769230769,5.1101647016807,-6.03525484861439,0,7.908102450400279
567.2017582417582,5.23595679612068,-5.92217919872458,0,7.90490038094399
567.7524395604395,5.359317088192959,-5.80641783685215,0,7.901693979642078
568.3031208791208,5.480188893879379,-5.688021236111259,0,7.898484404938175
568.8538021978021,5.59851199667127,-5.56704113615005,0,7.895269697005858
569.4044835164834,5.71423217471162,-5.44353297630933,0,7.892053003539485
569.9551648351649,5.827292649867999,-5.317548105857901,0,7.888831186260647
570.5058461538462,5.93763720087864,-5.189145876804091,0,7.885605269097029
571.0565274725275,6.04521469049579,-5.058382410166001,0,7.882376117749198
571.6072087912088,6.14997001421324,-4.92531387895372,0,7.879140053453558
572.1578901098901,6.251855449097469,-4.7900012068758,0,7.875900463964825
572.7085714285714,6.35082015641265,-4.65250538856867,0,7.872656670385017
573.2592527472527,6.44681411322406,-4.51288855530629,0,7.869407558582756
573.809934065934,6.539791228350509,-4.37121256958644,0,7.866153357195673
574.3606153846154,6.62970841893494,-4.22754048729693,0,7.862895922739381
574.9112967032967,6.716515192668631,-4.08194005472557,0,7.859631730795122
575.461978021978,6.80017388983881,-3.93447452918571,0,7.856363965146765
576.0126593406593,6.880636142315151,-3.78521472708285,0,7.853088835169154
576.5633406593406,6.9578656473488,-3.63422526106905,0,7.849808125983014
577.1140219780219,7.03182415164772,-3.48157694619372,0,7.846523365922247
577.6647032967032,7.10247109040824,-3.32733550531969,0,7.843230020536556
578.2153846153846,7.16977392618549,-3.17157810047672,0,7.839934043091996
578.7660659340659,7.23369474312365,-3.01437203712585,0,7.836630552405859
579.3167472527472,7.294203667849001,-2.85579178983242,0,7.833323298251902
579.8674285714285,7.35126403392526,-2.69590853972644,0,7.830006752937895
580.4181098901098,7.404847487917189,-2.53480085869036,0,7.826683953791088
580.9687912087911,7.45493128069531,-2.37253727008974,0,7.823358198232667
581.5194725274725,7.501479133729889,-2.209199406966666,0,7.820022456075608
582.0701538461539,7.544468737054521,-2.044861710663179,0,7.816678830560289
582.6208351648352,7.58388105023535,-1.879598738258423,0,7.813331120654077
583.1715164835165,7.61968914565524,-1.713488534424818,0,7.809974752457372
583.7221978021978,7.65187033439127,-1.546608113118875,0,7.806607218882111
584.2728791208791,7.680413145158671,-1.379039606754765,0,7.803236272042802
584.8235604395604,7.7053010921605,-1.210859211786723,0,7.799861854649643
585.3742417582417,7.72650471331737,-1.042145331919459,0,7.796469840752099
585.9249230769231,7.74403162181989,-0.8729854947456539,0,7.793082152382503
586.4756043956044,7.757857377856721,-0.703448938380956,0,7.789684942542622
587.0262857142857,7.76798289058387,-0.533616304051212,0,7.786289523794566
587.576967032967,7.77438475839391,-0.363586535440531,0,7.782882084440261
588.1276483516483,7.77706790290204,-0.1934333591529337,0,7.779473094675649
588.6783296703296,7.77602434203675,-0.02322733300475366,0,7.776059032501398
589.2290109890109,7.77125325177712,0.1469516123293864,0,7.77264252874289
589.7796923076922,7.762747174517649,0.317020234743339,0,7.769217819363702
590.3303736263736,7.7504984645533,0.486877449526957,0,7.765775949633168
590.8810549450549,7.7345227330505,0.656450492772641,0,7.762330137113238
591.4317362637362,7.71481665946545,0.825667364514638,0,7.75887380268491
591.9824175824175,7.69139181735744,0.99443879871754,0,7.755412085280045
592.5330989010988,7.6642434049144,1.16268397793585,0,7.751932726896086
593.0837802197801,7.633396918921081,1.330319680969636,0,7.748451392076291
593.6344615384616,7.59885603394999,1.49726704478823,0,7.744961047552599
594.1851428571429,7.560634896664279,1.663442558194123,0,7.741462470687893
594.7358241758242,7.518751063382279,1.828761602942577,0,7.737957518202672
595.2865054945055,7.473216095693401,1.99314149084021,0,7.734440627184338
595.8371868131868,7.424055708826121,2.15650674755218,0,7.730920030629718
596.3878681318681,7.37128590834855,2.31877631433445,0,7.727391509334593
596.9385494505494,7.31493316748522,2.47986996806402,0,7.723859288159074
597.4892307692307,7.25501865878026,2.63970310177158,0,7.72031917764753
598.0399120879121,7.19156775725937,2.79819920393801,0,7.716771707921122
598.5905934065934,7.12461075826742,2.9552788798672,0,7.71321928345156
599.1412747252747,7.054171652882,3.1108656320529,0,7.709657754337209
599.691956043956,6.98028757552507,3.26487795009103,0,7.706091270288736
600.2426373626373,6.90299043352198,3.41724157456335,0,7.702520165778222
600.7933186813186,6.82231080632727,3.56787673333622,0,7.698939480370772
601.3439999999999,6.738290592782731,3.71671029666465,0,7.695355452616681
601.8946813186813,6.65096313221491,3.8636648348148,0,7.6917629020834
602.4453626373626,6.56037094972213,4.008666905370539,0,7.688164758651512
602.9960439560439,6.466552548473389,4.15164072330205,0,7.684557408045545
603.5467252747252,6.3695527665293,4.29251525842934,0,7.680943281228534
604.0974065934065,6.26941909707403,4.43121862860462,0,7.677324686975871
604.6480879120878,6.16619841499762,4.567679677487281,0,7.67370187909652
605.1987692307692,6.05993621155016,4.70182836088757,0,7.670072804302681
605.7494505494506,5.95068615852978,4.833592856595279,0,7.666438916514422
606.3001318681319,5.83849611746192,4.96290730322018,0,7.662798823796311
606.8508131868132,5.72341840620043,5.08970354732153,0,7.659151418535297
607.4014945054945,5.60551113274472,5.21391506219798,0,7.655499025872838
607.9521758241758,5.484828080369009,5.33547666458204,0,7.651839668308784
608.5028571428571,5.36142778229657,5.45432720631652,0,7.648175804618124
609.0535384615384,5.23536889317246,5.57040433926343,0,7.644507305934286
609.6042197802198,5.106714551021209,5.683645047744561,0,7.640834675240854
610.1549010989011,4.97552612784166,5.793990520855131,0,7.637158267614605
610.7055824175824,4.84186749567194,5.90138029117078,0,7.633476939551424
611.2562637362637,4.70580069240386,6.0057553326551,0,7.629787498505042
611.806945054945,4.56739280650425,6.10706175716409,0,7.626092076202785
612.3576263736263,4.42671233571898,6.2052471230888,0,7.622392928851701
612.9083076923076,4.28382872739453,6.300257463196409,0,7.618689694968072
613.4589890109889,4.138813679544921,6.3920403069508,0,7.614982466143428
614.0096703296703,3.99173833278826,6.48054487926407,0,7.611270383425289
614.5603516483516,3.84267371477645,6.56572696144004,0,7.607556231170066
615.1110329670329,3.69169338276208,6.6475346562004,0,7.603835679294674
615.6617142857142,3.53887610437006,6.7259248137215,0,7.600112412452595
616.2123956043955,3.38429314882144,6.80085378569474,0,7.596384161662587
616.7630769230768,3.22802522145239,6.87227722834235,0,7.592650468283495
617.3137582417583,3.07014955295579,6.9401584179711,0,7.58891409518185
617.8644395604396,2.91074454926134,7.00445605244826,0,7.585172273701743
618.4151208791209,2.74989265483247,7.06513579731444,0,7.5814281931306
618.9658021978022,2.58767314194872,7.12216011490475,0,7.577678865714936
619.5164835164835,2.42417377359872,7.175495091162469,0,7.573925553364025
620.0671648351648,2.25947000322307,7.22511741447147,0,7.570173468842293
620.6178461538461,2.093649211520027,7.270986505994189,0,7.566413403406401
621.1685274725274,1.926795087573319,7.31307924046296,0,7.562649488558026
621.7192087912088,1.758993615439064,7.35136982147396,0,7.558881980242414
622.2698901098901,1.590331786487169,7.3858300509722,0,7.55510693061028
622.8205714285714,1.420896432798283,7.41644098131205,0,7.551327267575133
623.3712527472527,1.250773804183014,7.4431913169554,0,7.547551396978408
623.921934065934,1.080046025148301,7.46604907983164,0,7.543764861055355
624.4726153846153,0.908818873095695,7.48500555859602,0,7.539977450649852
625.0232967032966,0.73715478197919,7.50005386280578,0,7.536193012229894
625.573978021978,0.5651720021983571,7.51116888347259,0,7.53240183395149
626.1246593406593,0.39294714781365,7.51834720518192,0,7.528608912584161
626.6753406593406,0.220562459213615,7.52158321167801,0,7.524816397003375
627.2260219780219,0.0481157461869569,7.52087009563763,0,7.521024007439911
627.7767032967032,-0.1242985153002756,7.516202061672139,0,7.517229779166683
628.3273846153845,-0.296594239580366,7.507580779478511,0,7.513437116483202
628.8780659340659,-0.468688193476212,7.49500479388415,0,7.509644830686095
629.4287472527473,-0.6404683546700589,7.478455029714731,0,7.505830356782607
629.9794285714286,-0.8118558501280171,7.4579688402984,0,7.502027002367356
630.5301098901099,-0.982761141003466,7.43351368958891,0,7.498196131975488
631.0807912087912,-1.153088455826649,7.40513063395417,0,7.494369399281514
631.6314725274725,-1.32274984526325,7.37282047748993,0,7.490537293575061
632.1821538461538,-1.491655664925994,7.33659280895419,0,7.486696912998692
632.7328351648351,-1.659713295722849,7.29646864437673,0,7.482853927638303
633.2835164835165,-1.826831527334862,7.2524661093035,0,7.479009165381499
633.8341978021978,-1.992916882537458,7.20459902942536,0,7.475156511772824
634.3848791208791,-2.157883360806625,7.15289702773288,0,7.471304871854445
634.9355604395604,-2.32163846537154,7.09737344799007,0,7.467443673984235
635.4862417582417,-2.48409504100694,7.03806214459239,0,7.463581373837878
636.036923076923,-2.64516316226394,6.97498831476382,0,7.459715151806401
636.5876043956043,-2.80475628654568,6.90817869037728,0,7.455842718640212
637.1382857142856,-2.96278548886434,6.83766726885335,0,7.451965615364414
637.688967032967,-3.11916229083384,6.76348923014729,0,7.448084314968392
638.2396483516483,-3.27380489348233,6.68567843644284,0,7.444198723577013
638.7903296703296,-3.42662283203764,6.604275578522151,0,7.440309130009703
639.3410109890109,-3.57753291511234,6.51931632084914,0,7.436412243145357
639.8916923076922,-3.72644951603904,6.43084642237285,0,7.432510457694176
640.4423736263736,-3.87328925756671,6.33890709681079,0,7.428601002529337
640.993054945055,-4.0179715788538,6.24354677728022,0,7.424686657938038
641.5437362637363,-4.16041477167162,6.14481295415238,0,7.420766625751164
642.0944175824176,-4.30053671004931,6.0427569660666,0,7.416840819744492
642.6450989010989,-4.43825840740186,5.93742925562377,0,7.41290792175448
643.1957802197802,-4.57350370611314,5.82888215138987,0,7.4089677610732
643.7464615384615,-4.70619447587619,5.71717512986411,0,7.405022478717013
644.2971428571428,-4.83625637800644,5.6023650342997,0,7.401072201468639
644.8478241758241,-4.963613099958859,5.484508261213859,0,7.397113347340722
645.3985054945055,-5.0881901748907,5.36367182248766,0,7.393149171713118
645.9491868131868,-5.20991521342573,5.239913239107111,0,7.389175007025807
646.4998681318681,-5.32871795631701,5.113300917679799,0,7.385193384923675
647.0505494505494,-5.44453028813492,4.983900210060501,0,7.3812039236333
647.6012307692307,-5.55728373798972,4.85178086243549,0,7.377206794012234
648.151912087912,-5.66691387181659,4.71701290061679,0,7.373203071608195
648.7025934065933,-5.77335505277342,4.5796681055823,0,7.369191850038384
649.2532747252747,-5.876543916946121,4.43982053887002,0,7.365173102186297
649.803956043956,-5.97641828318222,4.29754404572516,0,7.361145313095136
650.3546373626373,-6.07291821642814,4.15291277061253,0,7.35710677805762
650.9053186813186,-6.16598615122381,4.00600901027652,0,7.353060138982984
651.4559999999999,-6.25556635787672,3.85691220607416,0,7.349005526135006
652.0066813186813,-6.34160576314883,3.70570213121493,0,7.344943290488588
652.5573626373626,-6.424046904195659,3.55246321782207,0,7.340870080670586
653.108043956044,-6.50284301158412,3.39727862667751,0,7.336788759436123
653.6587252747253,-6.57794556273811,3.24023041471647,0,7.332698068705656
654.2094065934066,-6.64930488084644,3.08140607048231,0,7.328595961686899
654.7600879120879,-6.71687654370145,2.92089510899223,0,7.32448351360432
655.3107692307692,-6.7806207899783,2.7587876438935,0,7.320363895434802
655.8614505494505,-6.84049319194837,2.59517136583863,0,7.316232741456544
656.4121318681318,-6.8964597794778,2.43013800344871,0,7.312094652407111
656.9628131868132,-6.948476374734261,2.26378307755122,0,7.307943469434301
657.5134945054945,-6.99651590590208,2.096193500764787,0,7.303784088689187
658.0641758241758,-7.04053810162429,1.927468530790517,0,7.299610379849812
658.6148571428571,-7.08051648789499,1.757702276780202,0,7.295425349433103
659.1655384615384,-7.11642397269414,1.586990486730161,0,7.291229592058384
659.7162197802197,-7.14823359418665,1.41542770513818,0,7.287021277966144
660.266901098901,-7.175928499318459,1.243115107585709,0,7.282807494231789
660.8175824175823,-7.19947633270948,1.070150058061596,0,7.278576826001989
661.3682637362637,-7.2188648505879,0.8966294942934709,0,7.274335308541285
661.918945054945,-7.234082692480559,0.722650840091408,0,7.270087801280779
662.4696263736263,-7.245124369301701,0.548325385504508,0,7.265843918984087
663.0203076923076,-7.251945988477621,0.3737466316774209,0,7.261570571473287
663.5709890109889,-7.25455311896973,0.1990111320188832,0,7.257282300325713
664.1216703296703,-7.25294816923611,0.02422346518265337,0,7.252988620002853
664.6723516483517,-7.24713263568761,-0.1505131775906986,0,7.248695445104373
665.223032967033,-7.23711226902781,-0.325097032704566,0,7.244410402178094
665.7737142857143,-7.22285879564752,-0.499420538339677,0,7.240104284882797
666.3243956043956,-7.204367078374339,-0.6733921477501861,0,7.235769619371227
666.8750769230769,-7.18166817969856,-0.846895721163463,0,7.231430716381082
667.4257582417582,-7.15475072554645,-1.019845874569881,0,7.227070191480407
667.9764395604395,-7.123634480903419,-1.192128976124076,0,7.222696152631008
668.5271208791208,-7.08833093242838,-1.363643945430443,0,7.218307295864459
669.0778021978022,-7.04885586466659,-1.534290069054973,0,7.213904283870511
669.6284835164835,-7.00523089602147,-1.703965494175608,0,7.209490849700476
670.1791648351648,-6.957479451091301,-1.872568294558425,0,7.205069904597953
670.7298461538461,-6.90561610260966,-2.039992193803649,0,7.200632049160799
671.2805274725274,-6.84967693097749,-2.206141017209301,0,7.196188730611399
671.8312087912087,-6.78968475533657,-2.37091198570209,0,7.191734333302061
672.38189010989,-6.72566570687118,-2.53420815568957,0,7.187265834581781
672.9325714285714,-6.65766049381106,-2.69592657423378,0,7.182789384668911
673.4832527472527,-6.585697307306321,-2.85597196038889,0,7.178299580122669
674.033934065934,-6.50981628741786,-3.01424257995591,0,7.173797211153247
674.5846153846153,-6.43005755051641,-3.17064111172061,0,7.169282053475508
675.1352967032966,-6.34646653691511,-3.3250760238537,0,7.164758758575895
675.685978021978,-6.25908552756347,-3.47744595943429,0,7.160222206198656
676.2366593406593,-6.16796539246591,-3.62766066883536,0,7.155677397065365
676.7873406593407,-6.073150333146669,-3.77562157702761,0,7.151116924083674
677.338021978022,-5.974698362478509,-3.92123828022899,0,7.146546730620082
677.8887032967033,-5.87266226825241,-4.06441882808505,0,7.141964892594179
678.4393846153846,-5.76709990049319,-4.20507247711352,0,7.137371771180635
678.9900659340659,-5.65807233198984,-4.34311130018951,0,7.13276932753771
679.5407472527472,-5.545638416632601,-4.47844689723556,0,7.128154884638111
680.0914285714285,-5.429862313862699,-4.61099355799972,0,7.123529064966416
680.6421098901099,-5.31081325207748,-4.74066680748488,0,7.118894519378038
681.1927912087912,-5.18855679206506,-4.86738160966563,0,7.114248050117148
681.7434725274725,-5.06316459840124,-4.9910584294655,0,7.109592111847361
682.2941538461538,-4.934708432527581,-5.11161310440776,0,7.104923352381217
682.8448351648351,-4.80326319197971,-5.22896880475212,0,7.100243098126847
683.3955164835164,-4.668908715723109,-5.34304798849284,0,7.09555286098924
683.9461978021977,-4.53172168010905,-5.453776740937601,0,7.09085200282465
684.496879120879,-4.39178617626329,-5.56108391176746,0,7.086144233060473
685.0475604395604,-4.24918312986593,-5.6648934233119,0,7.081424628464222
685.5982417582417,-4.10399742952476,-5.76513856710694,0,7.076695386936596
686.148923076923,-3.95631394165687,-5.86175047988786,0,7.071954375801224
686.6996043956043,-3.80622293721464,-5.95466504359033,0,7.06720374894735
687.2502857142856,-3.6538160845868,-6.04381703933816,0,7.062442664190591
687.800967032967,-3.49918453782239,-6.12914702203242,0,7.057672112490363
688.3516483516484,-3.34242476536835,-6.21059375349785,0,7.052891469683493
688.9023296703297,-3.18362876340744,-6.28810439627742,0,7.04810251072433
689.453010989011,-3.02289478322612,-6.361619947334439,0,7.043301869491264
690.0036923076923,-2.86032325899913,-6.43109038693664,0,7.038492218573539
690.5543736263736,-2.69601412445742,-6.49646722901497,0,7.033674616936679
691.1050549450549,-2.53006534993898,-6.55769834474327,0,7.028843308511755
691.6557362637362,-2.3625821329984,-6.614746444411759,0,7.024006325383063
692.2064175824175,-2.193670187602084,-6.66756478382667,0,7.019160137687396
692.7570989010989,-2.023434834085665,-6.71611325108457,0,7.01430436530844
693.3077802197802,-1.851984399690798,-6.7603508814174,0,7.009435801587679
693.8584615384615,-1.679423991205363,-6.80024835126604,0,7.00455869995624
694.4091428571428,-1.505862626239159,-6.83577062189986,0,6.999670152538124
694.9598241758241,-1.331409360060888,-6.866885098792221,0,6.994766746938199
695.5105054945054,-1.156175506509917,-6.89357786969755,0,6.989861060667606
696.0611868131867,-0.980274150520748,-6.91581889305556,0,6.984947270504152
696.6118681318681,-0.803821827627203,-6.93357591621318,0,6.980014650160942
697.1625494505494,-0.626918373250331,-6.94685309988488,0,6.975083844521083
697.7132307692307,-0.449700412576969,-6.95563380571874,0,6.970155816072498
698.263912087912,-0.272270052879963,-6.95988510349237,0,6.965208656997309
698.8145934065933,-0.0947380163596224,-6.95960782138056,0,6.960252604551449
699.3652747252747,0.0827787841066442,-6.9548045494921,0,6.955297164660485
699.915956043956,0.2601636012501046,-6.94547290257518,0,6.950343800116761
700.4666373626374,0.437295594518183,-6.93157599587262,0,6.94535623445929
701.0173186813187,0.614057696661935,-6.91314216598815,0,6.940360326524344
701.568,0.7903333160947661,-6.890172231528989,0,6.93535147852382
702.1186813186813,0.966011021136673,-6.86267654404688,0,6.930332361522695
702.6693626373626,1.140973805084057,-6.83066055389959,0,6.925297454007867
703.2200439560439,1.315100746298265,-6.79414441317411,0,6.920252038761249
703.7707252747252,1.48827566031274,-6.75314541023464,0,6.915196119623253
704.3214065934066,1.660383091857471,-6.70768642254275,0,6.910132354368513
704.8720879120879,1.831304180208309,-6.657787711892579,0,6.905057003173562
705.4227692307692,2.000923984758672,-6.60347843871849,0,6.899972774105888
705.9734505494505,2.169127489602367,-6.54478375104388,0,6.89487551838876
706.5241318681318,2.33580206801774,-6.48173877260869,0,6.889768415360183
707.0748131868131,2.50083158043296,-6.4143797786567,0,6.884651519033538
707.6254945054944,2.66410445487137,-6.34274197538441,0,6.879522389873356
708.1761758241757,2.82550636218407,-6.26686840609866,0,6.874381850181165
708.7268571428571,2.98492373429359,-6.18680584043844,0,6.869231121954798
709.2775384615384,3.14224717261009,-6.1025971175855,0,6.864066496861678
709.8282197802197,3.2973663201989,-6.0142984058353,0,6.858892765163708
710.378901098901,3.45017262212866,-5.92195610802067,0,6.853703762770132
710.9295824175824,3.60055773724644,-5.82563238150806,0,6.848504118690481
711.4802637362637,3.74841636417749,-5.72538404228459,0,6.843292166120092
712.0309450549451,3.89364257810579,-5.62127224673673,0,6.83806655407586
712.5816263736264,4.03613045371638,-5.51336492356958,0,6.83282824457517
713.1323076923077,4.17577916442788,-5.40172671143361,0,6.827575198786562
713.682989010989,4.312487197811389,-5.28643011129446,0,6.822308198321729
714.2336703296703,4.446156797214369,-5.16754902271315,0,6.817028177113483
714.7843516483516,4.57669118854365,-5.04516000815415,0,6.811735589640211
715.3350329670329,4.70399409661805,-4.91934025311424,0,6.806428504504219
715.8857142857142,4.827972365560489,-4.79017194728337,0,6.801107589735389
716.4363956043956,4.94853124739125,-4.65774192181422,0,6.795772312006431
716.9870769230769,5.06558405567146,-4.52213359912931,0,6.79042223381191
717.5377582417582,5.17904048729045,-4.38343656346624,0,6.785055377439924
718.0884395604395,5.28881787333955,-4.24174469218342,0,6.779674957623123
718.6391208791208,5.39483174917615,-4.097151577242069,0,6.774279345348565
719.1898021978021,5.49700317864228,-3.94975346211648,0,6.768869651389695
719.7404835164834,5.595248918680269,-3.79964858806538,0,6.763441420961666
720.2911648351648,5.68949536556486,-3.64694090067808,0,6.757997887527242
720.8418461538461,5.77966635748612,-3.49173412833842,0,6.752536592041552
721.3925274725274,5.86569700087801,-3.33413128030596,0,6.747061041699855
721.9432087912087,5.94751242032878,-3.17424165077519,0,6.741566142038592
722.4938901098901,6.02505317495998,-3.0121746050361,0,6.736056829653364
723.0445714285714,6.09825378738934,-2.8480438654733,0,6.730531414016914
723.5952527472527,6.167050519273531,-2.68196227972875,0,6.724985782673429
724.1459340659341,6.2313899620071,-2.51404781720624,0,6.719423880497665
724.6966153846154,6.29121735791914,-2.34441571405798,0,6.71384397233843
725.2472967032967,6.34648750972274,-2.173184561685355,0,6.708251251273637
725.797978021978,6.39714078019477,-2.000477491609831,0,6.702635329187208
726.3486593406593,6.44314156500335,-1.826413064798703,0,6.697003651629675
726.8993406593406,6.48444265897553,-1.651119469936454,0,6.691352038380948
727.4500219780219,6.52100554486772,-1.474720858298004,0,6.68567984023276
728.0007032967033,6.55279380667437,-1.297341800540995,0,6.67998521107801
728.5513846153846,6.57977652458636,-1.119112504051659,0,6.674269391493165
729.1020659340659,6.601932969292911,-0.9401676040220319,0,6.668540624056304
729.6527472527472,6.6192378939155,-0.760620909337854,0,6.66279629464753
730.2034285714285,6.63165970288915,-0.5806238571704321,0,6.657028952801639
730.7541098901098,6.63919111531759,-0.400299642321605,0,6.651247888130079
731.3047912087911,6.64182399728486,-0.219771459580313,0,6.645459013894758
731.8554725274724,6.63953518842886,-0.039185634252714,0,6.639650821565608
732.4061538461538,6.63231138197406,0.1413249945727798,0,6.633816927045369
732.9568351648351,6.620157178270899,0.32163929942433,0,6.627965970337045
733.5075164835164,6.60307078718417,0.501609994193413,0,6.622096073513257
734.0581978021977,6.58105599990359,0.6810936197655111,0,6.616206359595529
734.6088791208791,6.5541060053004,0.8599671102172259,0,6.610283576320318
735.1595604395604,6.52224680945573,1.038091091890826,0,6.604342250256155
735.7102417582418,6.48548830159116,1.215330695431868,0,6.598377619486073
736.2609230769231,6.44384956858712,1.391551528907786,0,6.592390531528454
736.8116043956044,6.39735293492968,1.566616493414691,0,6.586380782454984
737.3622857142857,6.34602602194893,1.740389440639268,0,6.580349662163981
737.912967032967,6.28990499087636,1.912735862092425,0,6.574303253758972
738.4636483516483,6.22902101959423,2.083521804851148,0,6.568239183665355
739.0143296703296,6.16340793826316,2.252612488041948,0,6.562153643029693
739.5650109890109,6.09310950034118,2.41987495824348,0,6.556048977599376
740.1156923076923,6.01816755818479,2.58517688613309,0,6.549922159154615
740.6663736263736,5.93862992499305,2.74838931934563,0,6.543773317950133
741.2170549450549,5.85455324135624,2.90938173289572,0,6.537606268626321
741.7677362637362,5.76598994237882,3.06802095214403,0,6.531415817294783
742.3184175824175,5.67300358015653,3.2241813210656,0,6.52520611257431
742.8690989010988,5.57565714389793,3.37773542029138,0,6.518976081854497
743.4197802197801,5.47401677024782,3.52855784958075,0,6.512724475885057
743.9704615384614,5.368154850716961,3.6765256918289,0,6.50645277120752
744.5211428571428,5.25814351177568,3.82151732268249,0,6.500159062514626
745.0718241758241,5.14406471347765,3.96341350816426,0,6.493846965639461
745.6225054945054,5.02599962337257,4.10209471238698,0,6.487515182528242
746.1731868131868,4.904030282359001,4.23744336999853,0,6.481160337797438
746.7238681318681,4.77824944215296,4.36934653380875,0,6.474786240791399
747.2745494505494,4.64874858053144,4.49769113747132,0,6.468391525957681
747.8252307692308,4.51562271575681,4.62236592709255,0,6.461974564713565
748.3759120879121,4.37897076550032,4.74326801341331,0,6.455538429300557
748.9265934065934,4.23889618467662,4.860287792870389,0,6.4490804223541
749.4772747252747,4.09550378131942,4.97332642272431,0,6.442602496644461
750.027956043956,3.94890365838079,5.08228426267931,0,6.436105455153059
750.5786373626373,3.79920538492573,5.18706280470043,0,6.429586463899164
751.1293186813186,3.6465266664686,5.28756828553588,0,6.42304718209912
751.6799999999999,3.49098299911785,5.3837103285959,0,6.416486515403895
752.2306813186813,3.33269570466366,5.47540215906599,0,6.409905573671746
752.7813626373626,3.17179064869742,5.56255854861443,0,6.403304890908121
753.3320439560439,3.00839290151199,5.64509799576681,0,6.396683455641539
753.8827252747252,2.8426328921656,5.722941314252459,0,6.390040613798901
754.4334065934065,2.67464079344919,5.79601521004262,0,6.383376511614204
754.9840879120878,2.50455252175828,5.86425172554264,0,6.376694412842409
755.5347692307691,2.33250138087347,5.92757996631659,0,6.369989556416434
756.0854505494505,2.15862858075887,5.98594135749889,0,6.363267343518164
756.6361318681318,1.983075618597457,6.03926757940033,0,6.356519629850254
757.1868131868131,1.805982866506302,6.08751201686205,0,6.349754063706261
757.7374945054944,1.627500955128679,6.13061594229012,0,6.342965488697423
758.2881758241758,1.447774452389878,6.16853515489389,0,6.336156312951457
758.8388571428571,1.266951382093875,6.20122593918873,0,6.329326105791732
759.3895384615385,1.085180765008791,6.22864544377855,0,6.322471143235717
759.9402197802198,0.902620001608671,6.250759723874269,0,6.315593399904142
760.4909010989011,0.719419215218253,6.26754093514391,0,6.308695061653388
761.0415824175824,0.535740238752962,6.27896483025749,0,6.30177887132114
761.5922637362637,0.351723237379159,6.28502651347256,0,6.294860404390674
762.142945054945,0.1675400161614113,6.2856875284316,0,6.287919955127921
762.6936263736263,-0.0166492539780118,6.28093850135358,0,6.280960567894355
763.2443076923076,-0.2006816846061057,6.27075562186326,0,6.273965987130152
763.794989010989,-0.384420109486563,6.25514820219669,0,6.266949644924726
764.3456703296703,-0.567689358260357,6.23411174605385,0,6.259905787611236
764.8963516483516,-0.750329021728118,6.20766147805497,0,6.252843726415612
765.4470329670329,-0.932175133288802,6.17579722977069,0,6.245752308758756
765.9977142857142,-1.113069607076017,6.138533212447649,0,6.238630775299915
766.5483956043955,-1.29284793361803,6.09589533021882,0,6.231484225803996
767.0990769230768,-1.471351188244933,6.04791293256393,0,6.224317244407118
767.6497582417581,-1.64841709897141,5.99461145025103,0,6.21712516937387
768.2004395604395,-1.823885962689396,5.93602936635223,0,6.209911806385939
768.7511208791208,-1.997592343651396,5.87220607481415,0,6.202675177413282
769.3018021978021,-2.169382002926006,5.803182511253571,0,6.195413265758673
769.8524835164835,-2.33909209874901,5.72901181025567,0,6.188128001946874
770.4031648351648,-2.50656601984401,5.64974300580438,0,6.180814610022869
770.9538461538461,-2.67164844692639,5.56543840800428,0,6.173476338113997
771.5045274725275,-2.83418248283419,5.476159708387961,0,6.166110240481911
772.0552087912088,-2.99401373483782,5.38197886665147,0,6.158718597685768
772.6058901098901,-3.15099016122663,5.28296717379123,0,6.151299143717749
773.1565714285714,-3.30495913129432,5.179205384833089,0,6.143852478519466
773.7072527472527,-3.45577403308761,5.07077386258185,0,6.13637692235458
774.257934065934,-3.60328540623107,4.95776493105872,0,6.128874189473421
774.8086153846153,-3.74734922153292,4.8402705304956,0,6.121343398022001
775.3592967032966,-3.8878235400438,4.71838460317897,0,6.113781574609537
775.909978021978,-4.02456909613701,4.59221329910423,0,6.106191889717422
776.4606593406593,-4.15744660442356,4.46186105366269,0,6.098570843306235
777.0113406593406,-4.28632268642649,4.32744086061674,0,6.090920010500035
777.5620219780219,-4.41106463573966,4.18906946391428,0,6.083238791480418
778.1127032967032,-4.53154554110926,4.04686488670925,0,6.075526347768355
778.6633846153845,-4.64763716058729,3.900953897634,0,6.067781512870893
779.2140659340658,-4.75922133080546,3.75146484208928,0,6.060006281929552
779.7647472527472,-4.86617530508731,3.59853052620462,0,6.052196629973953
780.3154285714285,-4.96838689664739,3.44228730930313,0,6.044353586163442
780.8661098901098,-5.06574324367446,3.28287840951354,0,6.036476228933862
781.4167912087912,-5.158139771362301,3.12044698001351,0,6.028564941674341
781.9674725274725,-5.24547388213518,2.95514258663085,0,6.020619897940874
782.5181538461538,-5.32764519773062,2.78712065923681,0,6.012640428467909
783.0688351648351,-5.40455996687392,2.61653632601882,0,6.004625781921159
783.6195164835165,-5.476128995234211,2.44354721129262,0,5.996575001303727
784.1701978021978,-5.54226583850882,2.26831782144884,0,5.988486984523243
784.7208791208791,-5.602894125267159,2.091014949260525,0,5.980365047134184
785.2715604395604,-5.65793507659256,1.911808939185991,0,5.972205853023481
785.8222417582417,-5.70731562181622,1.730870967698893,0,5.96400586131925
786.372923076923,-5.75097196588282,1.54837799688235,0,5.955766363248268
786.9236043956043,-5.78884776733306,1.364508525540303,0,5.947490394244376
787.4742857142857,-5.82088204739728,1.179443913349432,0,5.939171301995672
788.024967032967,-5.84702913730718,0.993362074717277,0,5.930810901049346
788.5756483516483,-5.86726028968007,0.8064549103952601,0,5.922424573547331
789.1263296703296,-5.8815063220493,0.6189066705415529,0,5.913980223432161
789.6770109890109,-5.88976085892164,0.430902619913412,0,5.90550252248982
790.2276923076922,-5.89201773738771,0.242641799929061,0,5.897011790794064
790.7783736263735,-5.88822597515693,0.05431810319848671,0,5.888476508473805
791.3290549450548,-5.8783491593446,-0.133876014226614,0,5.879873436252907
791.8797362637362,-5.86242609550723,-0.321750680069031,0,5.871248864203341
792.4304175824175,-5.84043358089688,-0.509104477754881,0,5.862580641845196
792.9810989010989,-5.812371907232279,-0.695746422830579,0,5.853864558807673
793.5317802197802,-5.77824806900239,-0.8814734783151641,0,5.845095913661544
794.0824615384615,-5.73808388284257,-1.066086285601324,0,5.836278490175473
794.6331428571428,-5.691908288619841,-1.249388322690588,0,5.827417193485879
795.1838241758242,-5.639751411835251,-1.431180507705341,0,5.818511290092459
795.7345054945055,-5.581652438310361,-1.611265335095971,0,5.809562799572609
796.2851868131868,-5.51765292687729,-1.789441974240304,0,5.800568627354611
796.8358681318681,-5.44780820617564,-1.965512012335775,0,5.791532761015073
797.3865494505494,-5.37217100058589,-2.139280053653893,0,5.782451072641896
797.9372307692307,-5.29079992046847,-2.31055141353057,0,5.773318944333258
798.487912087912,-5.20377085280328,-2.47913334680642,0,5.764142021127912
799.0385934065933,-5.11115763313727,-2.64482986084037,0,5.754915928453714
799.5892747252747,-5.01304687962443,-2.80745131496989,0,5.745643732710757
800.139956043956,-4.90952906063146,-2.96680674205627,0,5.736324419163839
800.6906373626373,-4.80069996426729,-3.12270950738658,0,5.726956854599002
801.2413186813186,-4.68666493581847,-3.27497587290246,0,5.717542757927008
801.7919999999999,-4.56752958388332,-3.42342024518455,0,5.708076092238853
802.3426813186812,-4.44341583884023,-3.56786748062472,0,5.69856321156093
802.8933626373625,-4.314443415721399,-3.70813739251305,0,5.688998585798315
803.4440439560439,-4.1807434198082,-3.84405789975897,0,5.679383477013055
803.9947252747252,-4.04245289304769,-3.9754602943249,0,5.669718682991552
804.5454065934065,-3.89971300909764,-4.10218064794496,0,5.660004206862349
805.0960879120879,-3.75267332825623,-4.22405579692435,0,5.650239329810367
805.6467692307692,-3.60148772438899,-4.340926344922091,0,5.640421558798885
806.1974505494505,-3.44631798179549,-4.45264081585964,0,5.630552181332319
806.7481318681318,-3.28732920247499,-4.55905135506635,0,5.620630084214508
807.2988131868132,-3.12469528686432,-4.660013945927171,0,5.610655096509481
807.8494945054945,-2.95859423433853,-4.75539134438863,0,5.600627347159199
808.4001758241758,-2.78921088762928,-4.845049846121411,0,5.590546072350252
808.9508571428571,-2.6167341038766,-4.92886186993407,0,5.58041008379141
809.5015384615384,-2.44135841398283,-5.00670671576208,0,5.570219299379682
810.0522197802197,-2.26328308928055,-5.07847109850299,0,5.559974733805315
810.602901098901,-2.082712316979819,-5.14404222657484,0,5.54967215464882
811.1535824175824,-1.899858353149633,-5.20332569473267,0,5.539319457072111
811.7042637362637,-1.714931877509411,-5.25621757419642,0,5.52890717337425
812.254945054945,-1.528152377218297,-5.30263199017707,0,5.518437796265096
812.8056263736263,-1.339744413370624,-5.34248416454589,0,5.507908145710257
813.3563076923076,-1.149933548677321,-5.37570088653209,0,5.497318181425877
813.9069890109889,-0.95894534781288,-5.40221396185119,0,5.486664913197442
814.4576703296702,-0.7670284878119751,-5.42196946631935,0,5.475955222133803
815.0083516483515,-0.5743988070100969,-5.4349206240089,0,5.465189491570435
815.5590329670329,-0.381316910008373,-5.44100901983531,0,5.454354383406668
816.1097142857142,-0.1880162049638064,-5.44021652166622,0,5.443464512232913
816.6603956043956,0.005259778363084002,-5.43252339694819,0,5.432525943210758
817.2110769230769,0.198257380643507,-5.41791714793623,0,5.421543342156463
817.7617582417582,0.390721517927533,-5.39635013523269,0,5.410476696798303
818.3124395604395,0.582412508033409,-5.36783559177481,0,5.399339151214543
818.8631208791209,0.773074346126459,-5.332379129270929,0,5.388126865889763
819.4138021978022,0.962448237793582,-5.290004574510769,0,5.376844335553786
819.9644835164835,1.150280715110785,-5.240741434235099,0,5.365493127762289
820.5151648351648,1.336313638381283,-5.18462592184741,0,5.354071356418022
821.0658461538461,1.520296503030667,-5.12170277117969,0,5.342578098019438
821.6165274725274,1.701969740805773,-5.05203356152243,0,5.331017173614008
822.1672087912087,1.881080741258547,-4.97567857529854,0,5.319383614651111
822.71789010989,2.057372286340652,-4.89271056227439,0,5.30767344236568
823.2685714285714,2.230592143582974,-4.803216075328709,0,5.295887647723488
823.8192527472527,2.40048819740013,-4.70728779592588,0,5.284023275831594
824.369934065934,2.56681179648698,-4.6050319664049,0,5.272081392599672
824.9206153846153,2.72931447845699,-4.49656398882638,0,5.260061333095381
825.4712967032966,2.88775344946333,-4.38200607831093,0,5.247961247498051
826.0219780219779,3.04188580124883,-4.26149029731305,0,5.235777762847895
826.5726593406592,3.19147240464409,-4.13516210767818,0,5.22351048303554
827.1233406593406,3.33628179556592,-4.00317322494852,0,5.211158420962588
827.6740219780219,3.47608102204288,-3.86568627185884,0,5.198718075087797
828.2247032967032,3.61064444528843,-3.72287484586238,0,5.186188429689673
828.7753846153846,3.73975236272355,-3.57492019149615,0,5.173567638493117
829.3260659340659,3.86319049894776,-3.42201730942309,0,5.160856837498158
829.8767472527472,3.98074657772047,-3.26436516771714,0,5.148050433342528
830.4274285714285,4.092222069829941,-3.10217651364017,0,5.135151467151083
830.9781098901099,4.19741872228711,-2.93567058481302,0,5.122156353796981
831.5287912087912,4.29614622510328,-2.76507617030143,0,5.109062400777464
832.0794725274725,4.38822281904267,-2.59062901009939,0,5.095866773919364
832.6301538461538,4.473474532500839,-2.41257626161164,0,5.082568111794036
833.1808351648351,4.55173560592498,-2.231173677749162,0,5.069164922008946
833.7315164835164,4.62284841839752,-2.046684755287062,0,5.055654852440474
834.2821978021977,4.68666995487466,-1.859380213722817,0,5.042040266113387
834.8328791208791,4.743054792381709,-1.669539471748692,0,5.028312918988038
835.3835604395604,4.79188075630372,-1.477447053259325,0,5.014476141913388
835.9342417582417,4.833024218936419,-1.283401311877687,0,5.000524175339557
836.484923076923,4.866380606469409,-1.087699873762078,0,4.986456780360541
837.0356043956043,4.89185180946941,-0.890649143325883,0,4.972270107538032
837.5862857142856,4.90934316797523,-0.69256524900386,0,4.957952900650917
838.1369670329669,4.91880888791993,-0.493757184390428,0,4.943528803700577
838.6876483516482,4.92017787207709,-0.294565452344713,0,4.928987634250271
839.2383296703296,4.91340375523363,-0.0953128640607466,0,4.914328133529485
839.7890109890109,4.89843879110893,0.1036590248905432,0,4.899535466111249
840.3396923076923,4.87527266142931,0.30202334317527,0,4.884618882072869
840.8903736263736,4.84387298476712,0.499436394852629,0,4.869552567234502
841.4410549450549,4.80425747064665,0.6955535190465849,0,4.854346973808345
841.9917362637362,4.7564447195285,0.8900194419316609,0,4.838997931074872
842.5424175824176,4.700477489779811,1.082489052512882,0,4.823512328245565
843.0930989010989,4.63640009507848,1.272606147851713,0,4.807882304008046
843.6437802197802,4.56428232645388,1.46001963520731,0,4.792111276960306
844.1944615384615,4.48419867970334,1.644375696181444,0,4.776191917128686
844.7451428571428,4.396244623148,1.82532190008289,0,4.760122564123734
845.2958241758241,4.30052967821009,2.002505089521826,0,4.743899466338489
845.8465054945054,4.197181693622531,2.175573974366639,0,4.727521156718555
846.3971868131867,4.0863413583093,2.34418034539483,0,4.710983675238593
846.9478681318681,3.96816952048343,2.50797608695856,0,4.694285184780497
847.4985494505494,3.84284111403498,2.66661780004611,0,4.677422187406259
848.0492307692307,3.71054550712529,2.8197682913716,0,4.660390667902465
848.599912087912,3.57149472824394,2.96709314224018,0,4.643190315785361
849.1505934065933,3.42591178918088,3.10826371879293,0,4.62581613694416
849.7012747252746,3.27403613168334,3.24295969827004,0,4.608264336620863
850.2519560439559,3.11612925871916,3.37086714843862,0,4.590534488430333
850.8026373626373,2.95246345435657,3.49167754494445,0,4.572619875649017
851.3533186813186,2.7833292904685,3.60509601083863,0,4.554518546075369
851.904,2.60903577736968,3.7108337057795,0,4.536226899036712
852.4546813186813,2.42990482916883,3.80861272303694,0,4.517739296694405
853.0053626373626,2.246276044825496,3.89816887399984,0,4.499052860300494
853.5560439560439,2.058504335112852,3.97925194628827,0,4.480165861853486
854.1067252747252,1.866962359409446,4.05161986081849,0,4.461072959281267
854.6574065934066,1.672032780149088,4.11504381187785,0,4.441765323783696
855.2080879120879,1.474119995507765,4.169316806842779,0,4.422242914741058
855.7587692307692,1.273637322759863,4.21424480971326,0,4.402500578775892
856.3094505494505,1.07101437518991,4.24964732482743,0,4.382530567751509
856.8601318681318,0.866699821115941,4.27536520761287,0,4.362329221687543
857.4108131868131,0.6611327715366859,4.2912605754539,0,4.341890586834809
857.9614945054944,0.454804972690263,4.2972158485212,0,4.321216450487706
858.5121758241758,0.2481795314451667,4.293137007427211,0,4.300304459496956
859.0628571428571,0.04174185362020202,4.27894403598908,0,4.279147630716913
859.6135384615384,-0.163983124460961,4.25456987117523,0,4.257728884489945
860.1642197802197,-0.368504168572368,4.21997254389105,0,4.236031585511316
860.714901098901,-0.571295914551619,4.17515103987094,0,4.214055674492064
861.2655824175823,-0.7718292475477231,4.12012290697677,0,4.191793548824273
861.8162637362636,-0.9695742802687429,4.054937758933169,0,4.169243877944849
862.3669450549449,-1.163989865806609,3.97966838560318,0,4.146399988793883
862.9176263736263,-1.354533192757196,3.8944131549455,0,4.123252841106591
863.4683076923077,-1.540657857245202,3.79929627224559,0,4.099790091869413
864.018989010989,-1.721816439008265,3.69447934137966,0,4.076006557099753
864.5696703296703,-1.897461240222702,3.58014817727157,0,4.051890932560799
865.1203516483516,-2.067043235451508,3.45652234785078,0,4.027432740396505
865.6710329670329,-2.23001814871624,3.32385662557433,0,4.002624615296591
866.2217142857143,-2.38584527124674,3.182435804483,0,3.97745588385161
866.7723956043956,-2.53399298077474,3.03257443864013,0,3.951914492054345
867.3230769230769,-2.67393139908652,2.8746262852132,0,3.925988462369628
867.8737582417582,-2.80514550303821,2.70897719901242,0,3.899666493174085
868.4244395604395,-2.92713056863071,2.53604726683176,0,3.872935463626677
868.9751208791208,-3.03939590534573,2.35629371945713,0,3.845783088239052
869.5258021978021,-3.14146771624209,2.170208508947148,0,3.818196483223185
870.0764835164834,-3.23288941792539,1.97831830841059,0,3.790160592630147
870.6271648351648,-3.31322555838611,1.781185861227936,0,3.761660095354344
871.1778461538461,-3.38206639895647,1.579412480869779,0,3.732682267710127
871.7285274725274,-3.43902306030101,1.373630717113436,0,3.703206847622706
872.2792087912087,-3.4837438135159,1.164512121935338,0,3.673221942701618
872.82989010989,-3.51590191146033,0.952763818524729,0,3.642708490244618
873.3805714285713,-3.53520297151687,0.7391228612800631,0,3.611642653127318
873.9312527472526,-3.54140119871766,0.524366165362626,0,3.580011497978182
874.481934065934,-3.53429936227346,0.309291405395264,0,3.547806809229888
875.0326153846153,-3.51372537338393,0.0947300107386784,0,3.515002101634733
875.5832967032967,-3.47955345052295,-0.1184344051917116,0,3.48156845737367
876.133978021978,-3.43170814894175,-0.329312016373786,0,3.447472584900622
876.6846593406593,-3.37018592941966,-0.5369787577204279,0,3.412696790677606
877.2353406593406,-3.29503762257355,-0.740491889616842,0,3.377217963466894
877.7860219780219,-3.20637725976787,-0.938883080319864,0,3.34101130953899
878.3367032967033,-3.10438641882645,-1.131166898950284,0,3.304051087782226
878.8873846153846,-2.98931548929177,-1.316345274384724,0,3.266308616146779
879.4380659340659,-2.86149187926272,-1.493403213873728,0,3.227752923365553
879.9887472527472,-2.72132295907596,-1.6613235953996,0,3.188352981748632
880.5394285714285,-2.56929830288114,-1.819088242604024,0,3.14807493614242
881.0901098901098,-2.40599738392853,-1.965680603850742,0,3.106883269102003
881.6407912087911,-2.232093216584988,-2.100096640796708,0,3.064742408133241
882.1914725274725,-2.048354445152943,-2.221347333748094,0,3.021612137605948
882.7421538461538,-1.855649716766143,-2.32847407175038,0,2.977453169094026
883.2928351648351,-1.654952634132389,-2.42054578791162,0,2.932219318638771
883.8435164835164,-1.447344877800972,-2.49668246422232,0,2.885867377834946
884.3941978021977,-1.234021284440558,-2.55605352395209,0,2.838347784849528
884.944879120879,-1.016284546669943,-2.59790369550826,0,2.789612498347326
885.4955604395603,-0.795557385662452,-2.62154098359827,0,2.739596445202735
886.0462417582416,-0.573374959731896,-2.62641483139868,0,2.688273369848853
886.596923076923,-0.35138399415256,-2.6120353687905,0,2.635564356861568
887.1476043956044,-0.1313534115532039,-2.57806373844576,0,2.581407824853638
887.6982857142857,0.084850230235243,-2.52430251791724,0,2.525728165011882
888.248967032967,0.295250318418885,-2.45075079590293,0,2.468471635272583
888.7996483516483,0.497780332734672,-2.3575902460249,0,2.409567809340337
889.3503296703296,0.6902946306101529,-2.245229665078713,0,2.348949323846446
889.901010989011,0.8705899213706461,-2.114323779782787,0,2.28654583530423
890.4516923076923,1.03642242988184,-1.965806546212088,0,2.222288646934163
891.0023736263736,1.1855401393039,-1.800918597784797,0,2.156110669179082
891.5530549450549,1.315725173250744,-1.621233732214418,0,2.087949124379134
892.1037362637362,1.424833921871631,-1.428690126267919,0,2.0177480471584
892.6544175824175,1.510861810262502,-1.225606653496427,0,1.945460120075556
893.2050989010988,1.57200739838947,-1.014709415677174,0,1.871053836439546
893.7557802197801,1.606762279999471,-0.799132781807093,0,1.794518940381472
894.3064615384615,1.613994125331766,-0.582410289285039,0,1.715860944736063
894.8571428571428,1.593095867487904,-0.368445665449458,0,1.635147287370631
895.4078241758241,1.544045490516877,-0.1614588441629061,0,1.552464310425179
895.9585054945054,1.467558753597642,0.0340919014183925,0,1.46795468356601
896.5091868131867,1.365218060820031,0.2136655919675881,0,1.381836943629771
897.059868131868,1.239559463693337,0.372811463854543,0,1.29440953782529
897.6105494505493,1.094131663065601,0.507406565312622,0,1.206061987894922
898.1612307692307,0.9334884639936231,0.61392930382596,0,1.1172778985129
898.711912087912,0.7631011715748359,0.6897709042282449,0,1.028643426255541
899.2625934065934,0.589157281949976,0.733526045102786,0,0.940833014789988
899.8132747252747,0.418240089967598,0.745256002234536,0,0.854594220506263
900.363956043956,0.2569167432023065,0.72664664946417,0,0.7707279455911692
900.9146373626373,0.1112361304557779,0.6810030578813979,0,0.6900280005641724
901.4653186813186,-0.01375583905498557,0.613094087022185,0,0.6132483857701325
902.016,-0.1144545686278637,0.52881555595531,0,0.5410598307951848
902.5666813186813,-0.1889925524125262,0.434698884803727,0,0.4740055962929187
903.1173626373626,-0.237352458150288,0.337340599403887,0,0.4124740833024034
903.6680439560439,-0.261253845996877,0.242835622859628,0,0.3566829289127578
904.2187252747252,-0.263873533800819,0.1562725713431215,0,0.3066763088253199
904.7694065934065,-0.249379830616703,0.081407756788447,0,0.2623309413388791
905.3200879120878,-0.222464343225239,0.02051238677777818,0,0.2234080169061936
905.8707692307692,-0.1878134757004946,-0.02560542064299537,0,0.1895508882094859
906.4214505494505,-0.1497079478737592,-0.0574114356324755,0,0.1603388368361018
906.9721318681318,-0.1117084434344815,-0.0763527745480221,0,0.13530898904262
907.5228131868131,-0.07650077700942839,-0.0844989850379724,0,0.1139844171608285
908.0734945054944,-0.04586602218262561,-0.08422531381805709,0,0.09590409521291206
908.6241758241757,-0.02075726420054789,-0.0779156894359664,0,0.08063323556309342
909.174857142857,-0.001430128410301199,-0.06774605963947331,0,0.06776115305944125
909.7255384615383,0.0123473612410096,-0.0555859689726475,0,0.05694082258137931
910.2762197802197,0.02118620830975646,-0.042896583219448,0,0.04784320510216077
910.8269010989011,0.02587811461139272,-0.030757605138356,0,0.04019585911119952
911.3775824175824,0.0272864085732641,-0.01990263949148287,0,0.03377370503150393
911.9282637362637,0.02626381867600442,-0.01074459307039687,0,0.02837665328565825
912.478945054945,0.0235947426332494,-0.00346519571645389,0,0.02384783976134122
913.0296263736263,0.01995687183694823,0.001948094686299572,0,0.02005172826524352
913.5803076923077,0.01589764743127914,0.00564178035967946,0,0.01686905093584464
914.130989010989,0.0118366207176596,0.0078441476515225,0,0.01419986768926438
914.6816703296703,0.0080686045646955,0.008823723835175611,0,0.01195660829587016
915.2323516483516,0.004785129141618001,0.00886006491980767,0,0.01006966788355844
915.7830329670329,0.0020901454686928,0.00822242153530712,0,0.008483921498020791
916.3337142857142,1.37677089369001e-05,0.007150987107340856,0,0.007151000360730275
916.8843956043955,-0.001466976616375,0.00584922008649021,0,0.006030372792223676
917.4350769230768,-0.002411847329685798,0.0044799014513433,0,0.005087880163236976
917.9857582417582,-0.002903103555557099,0.0031648589618144,0,0.004294687707210525
918.5364395604395,-0.003033445101634998,0.0019874537892191,0,0.003626535777972516
919.0871208791208,-0.002896335338928401,0.0009970779750195198,0,0.003063155706749907
919.6378021978021,-0.002578790788520198,0.0002149559079774903,0,0.002587734138842523
920.1884835164834,-0.002156603788603601,-0.0003594761038722,0,0.00218635838102415
920.7391648351647,-0.0016917759619033,-0.0007422928478470793,0,0.001847458951435393
921.289846153846,-0.001231763560061598,-0.0009594177877707997,0,0.001561321222358371
921.8405274725274,-0.0008100598878303979,-0.00104185799866013,0,0.00131972160368916
922.3912087912088,-0.0004476645912268006,-0.00102193088657801,0,0.001115681999128952
922.9418901098901,-0.0001550660400388981,-0.0009304638974406906,0,0.0009432966347940955
923.4925714285714,6.555323874799998e-05,-0.00079488949651264,0,0.0007975879504960382
924.0432527472527,0.0002181075356324017,-0.0006381278523036301,0,0.0006743723400209138
924.593934065934,0.0003105593122246994,-0.0004781282686393802,0,0.0005701348328961928
925.1446153846153,0.0003531450193356017,-0.0003279260325530706,0,0.0004819200011490911
925.6952967032967,0.0003569389087109999,-0.0001960647750115499,0,0.0004072429011684908
926.245978021978,0.000332770684055201,-8.724330805401012e-05,0,0.0003440170387739149
926.7966593406593,0.0002904765978992002,-3.068165795429637e-06,0,0.0002904928012334245
927.3473406593406,0.0002384422134613026,5.717808175669057e-05,0,0.0002452020028337864
927.8980219780219,0.000183385515593399,9.581532238601021e-05,0,0.0002069077652805517
928.4487032967032,0.0001303269388310026,0.0001161309577819803,0,0.0001745609072513659
928.9993846153845,8.269552420720264e-05,0.0001218534791585704,0,0.0001472644563598161
929.5500659340659,4.252537522270172e-05,0.0001167430912954702,0,0.0001242471605432255
930.1007472527472,1.070239766839953e-05,0.0001042974142086098,0,0.0001048450853710125
930.6514285714285,-1.27720998765006e-05,8.756224088714119e-05,0,8.848882734239983e-05
931.2021098901098,-2.852662461329952e-05,6.903157658950942e-05,0,7.469355312382329e-05
931.7527912087911,-3.759085777550047e-05,5.061848200486017e-05,0,6.305000641375271e-05
932.3034725274724,-4.120292752390203e-05,3.367811344043986e-05,0,5.321556690900756e-05
932.8541538461537,-4.065656020519823e-05,1.906595107619043e-05,0,4.490508187453392e-05
933.404835164835,-3.71879292872003e-05,7.216644508929726e-06,0,3.788168479144078e-05
933.9555164835165,-3.189916108909882e-05,-1.768268982569807e-06,0,3.194813380125661e-05
934.5061978021978,-2.571367304349953e-05,-8.032711858209363e-06,0,2.693914328973755e-05
935.0568791208791,-1.935762794870108e-05,-1.188491539770055e-05,0,2.271495044702569e-05
935.6075604395604,-1.33615431609016e-05,-1.37270109174404e-05,0,1.91562434826916e-05
936.1582417582417,-8.076265236502123e-06,-1.399766094281954e-05,0,1.616046323718687e-05
936.708923076923,-3.69800150350208e-06,-1.312838281606991e-05,0,1.363926869319552e-05
937.2596043956044,-8.148247500339156e-09,-1.177775170975968e-05,0,1.177775452837613e-05
937.8102857142857,2.877603592400108e-06,-9.88691917646993e-06,0,1.029717307017042e-05
938.360967032967,4.406762892199267e-06,-7.501618457628895e-06,0,8.700220610530687e-06
938.9116483516483,5.162153299001493e-06,-5.232777682799214e-06,0,7.350495830894234e-06
939.4623296703296,5.309019357600808e-06,-3.219081638099544e-06,0,6.208717511058926e-06
940.0130109890109,5.011243591600961e-06,-1.539951793000371e-06,0,5.242519800546943e-06
940.5636923076922,4.419290809902499e-06,-2.265711790995495e-07,0,4.425095000300812e-06
941.1143736263735,3.66264954729939e-06,7.265969857988414e-07,0,3.734025292643903e-06
941.6650549450549,2.846047302700744e-06,1.350821606699998e-06,0,3.150349863481474e-06
942.2157362637362,2.048633886100881e-06,1.693328743300471e-06,0,2.657868136715656e-06
942.7664175824175,1.325338118699643e-06,1.809130324399028e-06,0,2.242648804324573e-06
943.3170989010988,7.096709406968771e-07,1.7546146984012e-06,0,1.89269796426031e-06
943.8677802197801,2.173453598000585e-07,1.582877047800677e-06,0,1.597729249241186e-06
944.4184615384614,-1.497974138030267e-07,1.340640461500522e-06,0,1.348983362460193e-06
944.9691428571427,-3.999401247019307e-07,1.066542250698424e-06,0,1.139062981520976e-06
945.5198241758241,-5.477867976999562e-07,7.905249879008869e-07,0,9.617692718267049e-07
946.0705054945055,-6.115705602008359e-07,5.340634794993859e-07,0,8.119374053702387e-07
946.6211868131868,-6.106533321018071e-07,3.109707205004031e-07,0,6.852738729993868e-07
947.1718681318681,-5.637309839004456e-07,1.285541820997965e-07,0,5.782030784635379e-07
947.7225494505494,-4.876064419005732e-07,-1.10667889990923e-08,0,4.877320124839946e-07
948.2732307692307,-3.964598685006482e-07,-1.096288827998754e-07,0,4.113379623563817e-07
948.823912087912,-3.015278542996269e-07,-1.714832034011016e-07,0,3.468797139748023e-07
949.3745934065934,-2.11098246698932e-07,-2.02512439000449e-07,0,2.925299261772609e-07
949.9252747252747,-1.307302268001298e-07,-2.092435249997915e-07,0,2.467250391702304e-07
950.475956043956,-6.361816889954852e-08,-1.981667807002263e-07,0,2.081281921970761e-07
951.0266373626373,-1.103039500016667e-08,-1.752536885005901e-07,0,1.756004696660051e-07
951.5773186813186,2.723205549948204e-08,-1.456529905002196e-07,0,1.481768486923107e-07
952.1279999999999,5.239738489967727e-08,-1.135369951995452e-07,0,1.250445329603277e-07
952.6786813186812,6.633312060050356e-08,-8.206643040131745e-08,0,1.055224236236793e-07
953.2293626373626,7.122009779841898e-08,-5.344220199883509e-08,0,8.904140208296733e-08
953.7800439560439,6.929669000080296e-08,-2.901502739981188e-08,0,7.512591470377728e-08
954.3307252747252,6.267244300264818e-08,-9.427972199813062e-09,0,6.337761254355226e-08
954.8814065934065,5.320521969873204e-08,5.228384900371474e-09,0,5.346149466538302e-08
955.4320879120878,4.243284049826324e-08,1.526359150010037e-08,0,4.509460253991585e-08
955.9827692307691,3.154868820007262e-08,2.12485281002317e-08,0,3.80370828741077e-08
956.5334505494504,2.141047160050813e-08,2.389678639691528e-08,0,3.20852722328479e-08
957.0841318681317,1.257196289780604e-08,2.396939889973138e-08,0,2.706633212532233e-08
957.6348131868132,5.32865450028619e-09,2.220338819747258e-08,0,2.283385657814039e-08
958.1854945054945,-2.301496007661719e-10,1.926275760080753e-08,0,1.926413245454363e-08
958.7361758241758,-4.168644901492158e-09,1.570917700088881e-08,0,1.625287181885067e-08
959.2868571428571,-6.655404102828832e-09,1.198888039885548e-08,0,1.371231771036582e-08
959.8375384615384,-7.920494198010442e-09,8.43209639958542e-09,0,1.156868523353533e-08
960.3882197802197,-8.22028720093293e-09,5.261437598103047e-09,0,9.759910207812063e-09
960.9389010989011,-7.810426898985368e-09,2.606037399766059e-09,0,8.233723293466549e-09
961.4895824175824,-6.926647699856403e-09,5.18704797863867e-10,0,6.946042256224259e-09
962.0402637362637,-5.772638100171035e-09,-1.006069397929688e-09,0,5.859652401721186e-09
962.590945054945,-4.513833296720948e-09,-2.014873996813993e-09,0,4.943117260760046e-09
963.1416263736263,-3.275900297555756e-09,-2.579993899076705e-09,0,4.169879048461587e-09
963.6923076923076,-2.146677498954253e-09,-2.786518200209587e-09,0,3.517514458337842e-09
964.2429890109889,-1.180426100616527e-09,-2.722193900850378e-09,0,2.967110616887031e-09
964.7936703296702,-4.034001015174038e-10,-2.470007299387733e-09,0,2.502732047370021e-09
965.3443516483516,1.800671001195298e-10,-2.103259802432866e-09,0,2.110953802686216e-09
965.8950329670329,5.815676967779737e-10,-1.682801498842368e-09,0,1.780461139829162e-09
966.4457142857142,8.231475986941739e-10,-1.2560051991517e-09,0,1.501706039653595e-09
966.9963956043955,9.326191000025297e-10,-8.570620983749944e-10,0,1.266623000801926e-09
967.5470769230768,9.397882992645545e-10,-5.081913015403394e-10,0,1.068391522989502e-09
968.0977582417581,8.736202004866467e-10,-2.2140600117182e-10,0,9.012396307604457e-10
968.6484395604394,7.60284498552144e-10,-5.467015729010427e-13,0,7.602846951118343e-10
969.1991208791208,6.219787011818578e-10,1.566521010132327e-10,0,6.414026703060495e-10
969.7498021978022,4.763920022354817e-10,2.566297001294071e-10,0,5.411174944339174e-10
970.3004835164835,3.366631001755493e-10,3.083065990006073e-10,0,4.565030142366348e-10
970.8511648351648,2.116981000221951e-10,3.216928980143141e-10,0,3.851005143931325e-10
971.4018461538461,1.067152997913379e-10,3.06816200917881e-10,0,3.248450959384128e-10
971.9525274725274,2.391339903873302e-11,2.729546970392516e-10,0,2.740002140316231e-10
972.5032087912087,-3.682499791213267e-11,2.281508003354471e-10,0,2.311035875206909e-10
973.0538901098901,-7.725529937996356e-11,1.789579977262701e-10,0,1.949213847490405e-10
973.6045714285714,-1.001666007083291e-10,1.303725981338655e-10,0,1.644091306516649e-10
974.1552527472527,-1.088729002785005e-10,8.590490124804617e-11,0,1.38682949469244e-10
974.705934065934,-1.068089020006546e-10,4.774029782605993e-11,0,1.169926390124881e-10
975.2566153846153,-9.723619825985352e-11,1.695609971874568e-11,0,9.870353372449027e-11
975.8072967032966,-8.304499796163434e-11,-6.239998101564836e-12,0,8.327910459866498e-11
976.3579780219779,-6.664310076009983e-11,-2.227570211621455e-11,0,7.026741623036344e-11
976.9086593406593,-4.991170324264438e-11,-3.199840045708946e-11,0,5.928807428475021e-11
977.4593406593406,-3.42156025734397e-11,-3.6491001192962e-11,0,5.002300098483024e-11
978.0100219780219,-2.044649866084214e-11,-3.691949870820999e-11,0,4.220318343861442e-11
978.5607032967032,-9.093999858711399e-12,-3.442340162918001e-11,0,3.560437351160775e-11
979.1113846153845,-3.228008138567162e-13,-3.003399959289332e-11,0,3.003573424957916e-11
979.6620659340658,5.945900022341633e-12,-2.463020065679444e-11,0,2.53377290116861e-11
980.2127472527471,9.957198260357458e-12,-1.891420006727706e-11,0,2.13750499737673e-11
980.7634285714284,1.205689714733893e-11,-1.340970043339773e-11,0,1.803299294446091e-11
981.3141098901099,1.263639887172374e-11,-8.473600293656958e-12,0,1.521448252100492e-11
981.8647912087912,1.209000261015447e-11,-4.316099561085807e-12,0,1.283732365155397e-11
982.4154725274725,1.078329786574628e-11,-1.028701429595102e-12,0,1.083225458954225e-11
982.9661538461538,9.034200471047527e-12,1.389797998907483e-12,0,9.140476827214354e-12
983.5168351648351,7.102998744734634e-12,3.00630006999647e-12,0,7.713004037245318e-12
984.0675164835164,5.188502405495399e-12,3.928499886507453e-12,0,6.507969619637188e-12
984.6181978021978,3.431699369116359e-12,4.286900695538165e-12,0,5.491272906476167e-12
985.1688791208791,1.919998882105034e-12,4.21679705042699e-12,0,4.633332825491209e-12
985.7195604395604,6.979000710671812e-13,3.846797880235897e-12,0,3.909593129800461e-12
986.2702417582417,-2.258020159739971e-13,3.291398403826307e-12,0,3.29913473552207e-12
986.820923076923,-8.665013151443191e-13,2.645602487083565e-12,0,2.783888835569692e-12
987.3716043956043,-1.256699605489686e-12,1.984499370388804e-12,0,2.348942666288705e-12
987.9222857142856,-1.438800467656876e-12,1.363600204973281e-12,0,1.982309840749628e-12
988.4729670329669,-1.459499188172231e-12,8.177000743181395e-13,0,1.672952865987351e-12
989.0236483516483,-1.363301832535413e-12,3.669009540629986e-13,0,1.411810255199598e-12
989.5743296703296,-1.191102771969099e-12,1.779826286352204e-14,0,1.191235741385151e-12
990.1250109890109,-9.77801173362991e-13,-2.319984482301862e-13,0,1.004946971044371e-12
990.6756923076922,-7.519020128743392e-13,-3.924013891598577e-13,0,8.481364790993659e-13
991.2263736263735,-5.337015551720725e-13,-4.767020111984266e-13,0,7.155991597771154e-13
991.7770549450548,-3.378998469916183e-13,-5.008007897266964e-13,0,6.041338738953825e-13
992.3277362637361,-1.725009024511337e-13,-4.796024688502598e-13,0,5.09681360728171e-13
992.8784175824176,-4.169928291553049e-14,-4.280013843338537e-13,0,4.300279237298022e-13
993.4290989010989,5.469930064450068e-14,-3.589004093917936e-13,0,3.630447869789546e-13
993.9797802197802,1.191997889282703e-13,-2.82503187509775e-13,0,3.06621331015517e-13
994.5304615384615,1.562985851855103e-13,-2.064980131333272e-13,0,2.589800709687987e-13
995.0811428571428,1.708008734446764e-13,-1.364013069160563e-13,0,2.185823755426603e-13
995.6318241758241,1.677998018312366e-13,-7.639722188201858e-14,0,1.843727447479498e-13
996.1825054945054,1.530997550958091e-13,-2.740169202652964e-14,0,1.555325938069365e-13
996.7331868131868,1.309022334972099e-13,9.30158727818764e-15,0,1.312322912260995e-13
997.2838681318681,1.052005704771375e-13,3.459732500488144e-14,0,1.107435547840531e-13
997.8345494505494,7.879807917277049e-14,5.010228343316214e-14,0,9.337759949010854e-14
998.3852307692307,5.4001941807158e-14,5.699954397364593e-14,0,7.851851840264993e-14
998.935912087912,3.259892356055616e-14,5.790160018115387e-14,0,6.644761185208376e-14
999.4865934065933,1.480066069703412e-14,5.419970028341936e-14,0,5.618422436842231e-14
1000.037274725275,9.992007221626409e-16,4.739958425759028e-14,0,4.741011484773656e-14
1000.587956043956,-8.89913143176102e-15,3.890290867225588e-14,0,3.990777923414981e-14
1001.138637362637,-1.530026105811544e-14,3.00003077935429e-14,0,3.367664555970197e-14
1001.689318681319,-1.859970510942333e-14,2.129893483804324e-14,0,2.82770871094022e-14
1002.24,-1.969951979319262e-14,1.360023205165817e-14,0,2.393819942980963e-14
1002.790681318681,-1.899869150889799e-14,7.101957910649048e-15,0,2.028270409030569e-14
1003.341362637363,-1.709743457922741e-14,1.998401444325282e-15,0,1.721382809033605e-14
1003.892043956044,-1.43982048506075e-14,-1.998401444325282e-15,0,1.453622754543759e-14
1004.442725274725,-1.149774719877428e-14,-4.503342143635791e-15,0,1.234820963174694e-14
1004.993406593407,-8.701372955499664e-15,-5.904998712225051e-15,0,1.05158404848153e-14
1005.544087912088,-5.898059818321144e-15,-6.598888102615774e-15,0,8.850561214484564e-15
1006.094769230769,-3.500671974521197e-15,-6.598888102615774e-15,0,7.469941664032065e-15
1006.645450549451,-1.599415044850616e-15,-6.002143226879753e-15,0,6.211590118614797e-15
1007.196131868132,9.71445146547012e-17,-5.100087019371813e-15,0,5.101012121323803e-15
1007.746813186813,1.200428645375951e-15,-4.198030811863873e-15,0,4.366290373989984e-15
1008.297494505494,1.998401444325282e-15,-3.198830089701232e-15,0,3.771753209776505e-15
1008.848175824176,2.099015405931937e-15,-2.296773882193293e-15,0,3.111436314672833e-15
1009.398857142857,2.199629367538591e-15,-1.700029006457271e-15,0,2.780012226112381e-15
1009.949538461538,2.099015405931937e-15,-8.951173136040325e-16,0,2.281907246023228e-15
1010.50021978022,1.897787482718627e-15,-2.983724378680108e-16,0,1.921099539649834e-15
1011.050901098901,1.599415044850616e-15,9.71445146547012e-17,0,1.602362487835382e-15
1011.601582417582,1.301042606982605e-15,4.996003610813204e-16,0,1.393668678695435e-15
1012.152263736264,9.992007221626409e-16,6.036837696399289e-16,0,1.167405746472501e-15
1012.702945054945,8.985867605559861e-16,7.008282842946301e-16,0,1.139569414434178e-15
1013.253626373626,5.967448757360216e-16,6.938893903907228e-16,0,9.151977561237838e-16
1013.804307692308,3.018418848199644e-16,7.008282842946301e-16,0,7.630654018490312e-16
1014.354989010989,1.97758476261356e-16,4.996003610813204e-16,0,5.373164204877784e-16
1014.90567032967,1.006139616066548e-16,4.996003610813204e-16,0,5.096309351508905e-16
1015.456351648352,0,4.996003610813204e-16,0,4.996003610813204e-16
1016.007032967033,-1.006139616066548e-16,4.024558464266192e-16,0,4.148419911160778e-16
1016.557714285714,-1.006139616066548e-16,2.012279232133096e-16,0,2.249796576380341e-16
1017.108395604396,-2.012279232133096e-16,2.012279232133096e-16,0,2.845792581364342e-16
1017.659076923077,-1.006139616066548e-16,2.012279232133096e-16,0,2.249796576380341e-16
1018.209758241758,-1.97758476261356e-16,1.040834085586084e-16,0,2.234765555274009e-16
1018.76043956044,-2.012279232133096e-16,0,0,2.012279232133096e-16
1019.311120879121,-9.71445146547012e-17,0,0,9.71445146547012e-17
1019.861802197802,-1.97758476261356e-16,0,0,1.97758476261356e-16
1020.412483516483,-1.006139616066548e-16,0,0,1.006139616066548e-16
1020.963164835165,-9.71445146547012e-17,0,0,9.71445146547012e-17
1021.513846153846,0,0,0,0
1022.064527472527,0,-1.040834085586084e-16,0,1.040834085586084e-16
1022.615208791209,0,-9.71445146547012e-17,0,9.71445146547012e-17
1023.16589010989,0,-9.71445146547012e-17,0,9.71445146547012e-17
1023.716571428571,0,0,0,0
1024.267252747253,1.006139616066548e-16,0,0,1.006139616066548e-16
1024.817934065934,0,0,0,0
1025.368615384615,0,0,0,0
1025.919296703297,0,0,0,0
1026.469978021978,0,0,0,0
1027.020659340659,-9.71445146547012e-17,0,0,9.71445146547012e-17
1027.571340659341,0,0,0,0
1028.122021978022,0,0,0,0
1028.672703296703,0,0,0,0
1029.223384615384,9.71445146547012e-17,0,0,9.71445146547012e-17
1029.774065934066,1.040834085586084e-16,0,0,1.040834085586084e-16
1030.324747252747,0,9.71445146547012e-17,0,9.71445146547012e-17
1030.875428571429,0,0,0,0
1031.42610989011,0,0,0,0
1031.976791208791,0,0,0,0
1032.527472527472,0,0,0,0
1033.078153846154,0,0,0,0
1033.628835164835,0,0,0,0
1034.179516483516,0,0,0,0
1034.730197802198,-9.71445146547012e-17,0,0,9.71445146547012e-17
1035.280879120879,0,0,0,0
1035.83156043956,0,0,0,0
1036.382241758242,0,0,0,0
1036.932923076923,0,0,0,0
1037.483604395604,0,0,0,0
1038.034285714286,-9.71445146547012e-17,0,0,9.71445146547012e-17
1038.584967032967,-1.040834085586084e-16,0,0,1.040834085586084e-16
1039.135648351648,-9.71445146547012e-17,0,0,9.71445146547012e-17
1039.68632967033,0,0,0,0
1040.237010989011,0,0,0,0
1040.787692307692,0,0,0,0
1041.338373626374,0,0,0,0
1041.889054945055,0,0,0,0
1042.439736263736,0,0,0,0
1042.990417582417,0,0,0,0
1043.541098901099,0,0,0,0
1044.09178021978,0,-9.71445146547012e-17,0,9.71445146547012e-17
1044.642461538461,0,0,0,0
1045.193142857143,0,0,0,0
1045.743824175824,9.71445146547012e-17,0,0,9.71445146547012e-17
1046.294505494506,9.71445146547012e-17,0,0,9.71445146547012e-17
1046.845186813187,0,1.040834085586084e-16,0,1.040834085586084e-16
1047.395868131868,0,0,0,0
1047.946549450549,0,0,0,0
1048.497230769231,0,0,0,0
1049.047912087912,-9.71445146547012e-17,1.040834085586084e-16,0,1.423741994347138e-16
1049.598593406593,0,0,0,0
1050.149274725275,0,0,0,0
1050.699956043956,0,0,0,0
1051.250637362637,0,0,0,0
1051.801318681319,0,0,0,0
1052.352,0,0,0,0
1052.902681318681,0,0,0,0
1053.453362637362,0,0,0,0
1054.004043956044,0,0,0,0
1054.554725274725,0,0,0,0
1055.105406593407,0,0,0,0
1055.656087912088,0,0,0,0
1056.206769230769,0,0,0,0
1056.75745054945,0,0,0,0
1057.308131868132,0,0,0,0
1057.858813186813,0,0,0,0
1058.409494505494,0,0,0,0
1058.960175824176,1.040834085586084e-16,0,0,1.040834085586084e-16
1059.510857142857,0,9.71445146547012e-17,0,9.71445146547012e-17
1060.061538461538,0,0,0,0
1060.61221978022,0,9.71445146547012e-17,0,9.71445146547012e-17
1061.162901098901,0,1.040834085586084e-16,0,1.040834085586084e-16
1061.713582417582,0,9.71445146547012e-17,0,9.71445146547012e-17
1062.264263736264,0,0,0,0
1062.814945054945,0,-9.71445146547012e-17,0,9.71445146547012e-17
1063.365626373626,0,0,0,0
1063.916307692308,0,0,0,0
1064.466989010989,0,0,0,0
1065.01767032967,0,0,0,0
1065.568351648352,-1.040834085586084e-16,0,0,1.040834085586084e-16
1066.119032967033,0,0,0,0
1066.669714285714,-1.040834085586084e-16,0,0,1.040834085586084e-16
1067.220395604395,0,0,0,0
1067.771076923077,-9.71445146547012e-17,0,0,9.71445146547012e-17
1068.321758241758,0,0,0,0
1068.872439560439,0,-9.71445146547012e-17,0,9.71445146547012e-17
1069.423120879121,0,-9.71445146547012e-17,0,9.71445146547012e-17
1069.973802197802,0,-9.71445146547012e-17,0,9.71445146547012e-17
1070.524483516484,0,0,0,0
1071.075164835165,0,-9.71445146547012e-17,0,9.71445146547012e-17
1071.625846153846,0,0,0,0
1072.176527472527,0,0,0,0
1072.727208791209,0,0,0,0
1073.27789010989,0,-9.71445146547012e-17,0,9.71445146547012e-17
1073.828571428571,0,0,0,0
1074.379252747253,0,0,0,0
1074.929934065934,0,0,0,0
1075.480615384615,0,0,0,0
1076.031296703297,0,-9.71445146547012e-17,0,9.71445146547012e-17
1076.581978021978,0,1.040834085586084e-16,0,1.040834085586084e-16
1077.132659340659,0,0,0,0
1077.683340659341,0,0,0,0
1078.234021978022,0,-9.71445146547012e-17,0,9.71445146547012e-17
1078.784703296703,0,0,0,0
1079.335384615385,0,0,0,0
1079.886065934066,0,0,0,0
1080.436747252747,0,-9.71445146547012e-17,0,9.71445146547012e-17
1080.987428571429,0,0,0,0
1081.53810989011,0,0,0,0
1082.088791208791,0,0,0,0
1082.639472527472,0,0,0,0
1083.190153846154,0,0,0,0
1083.740835164835,0,-1.040834085586084e-16,0,1.040834085586084e-16
1084.291516483516,0,0,0,0
1084.842197802198,0,-1.040834085586084e-16,0,1.040834085586084e-16
1085.392879120879,1.040834085586084e-16,0,0,1.040834085586084e-16
1085.94356043956,0,0,0,0
1086.494241758242,0,0,0,0
1087.044923076923,0,0,0,0
1087.595604395604,0,0,0,0
1088.146285714286,0,0,0,0
1088.696967032967,-9.71445146547012e-17,0,0,9.71445146547012e-17
1089.247648351648,0,0,0,0
1089.79832967033,0,0,0,0
1090.349010989011,0,0,0,0
1090.899692307692,0,0,0,0
1091.450373626373,0,0,0,0
1092.001054945055,0,0,0,0
1092.551736263736,0,0,0,0
1093.102417582418,0,0,0,0
1093.653098901099,0,0,0,0
1094.20378021978,0,0,0,0
1094.754461538462,0,0,0,0
1095.305142857143,-1.040834085586084e-16,0,0,1.040834085586084e-16
1095.855824175824,0,0,0,0
1096.406505494505,-1.040834085586084e-16,0,0,1.040834085586084e-16
1096.957186813187,0,0,0,0
1097.507868131868,0,0,0,0
1098.058549450549,0,0,0,0
1098.609230769231,0,0,0,0
1099.159912087912,-1.040834085586084e-16,0,0,1.040834085586084e-16
1099.710593406593,0,0,0,0
1100.261274725275,-9.71445146547012e-17,0,0,9.71445146547012e-17
1100.811956043956,0,0,0,0
1101.362637362637,-1.040834085586084e-16,0,0,1.040834085586084e-16
1101.913318681319,0,0,0,0
1102.464,-1.040834085586084e-16,0,0,1.040834085586084e-16
1103.014681318681,0,0,0,0
1103.565362637363,0,0,0,0
1104.116043956044,0,0,0,0
1104.666725274725,0,0,0,0
1105.217406593407,0,0,0,0
1105.768087912088,0,-9.71445146547012e-17,0,9.71445146547012e-17
1106.318769230769,0,0,0,0
1106.86945054945,0,0,0,0
1107.420131868132,0,-9.71445146547012e-17,0,9.71445146547012e-17
1107.970813186813,0,-9.71445146547012e-17,0,9.71445146547012e-17
1108.521494505495,0,0,0,0
1109.072175824176,0,0,0,0
1109.622857142857,0,0,0,0
1110.173538461538,0,0,0,0
1110.72421978022,0,9.71445146547012e-17,0,9.71445146547012e-17
1111.274901098901,9.71445146547012e-17,0,0,9.71445146547012e-17
1111.825582417582,9.71445146547012e-17,0,0,9.71445146547012e-17
1112.376263736264,0,0,0,0
1112.926945054945,0,0,0,0
1113.477626373626,0,0,0,0
1114.028307692308,9.71445146547012e-17,0,0,9.71445146547012e-17
1114.578989010989,0,0,0,0
1115.12967032967,0,0,0,0
1115.680351648351,0,9.71445146547012e-17,0,9.71445146547012e-17
1116.231032967033,-9.71445146547012e-17,0,0,9.71445146547012e-17
1116.781714285714,0,0,0,0
1117.332395604396,-9.71445146547012e-17,0,0,9.71445146547012e-17
1117.883076923077,0,0,0,0
1118.433758241758,0,-9.71445146547012e-17,0,9.71445146547012e-17
1118.98443956044,0,-9.71445146547012e-17,0,9.71445146547012e-17
1119.535120879121,0,0,0,0
1120.085802197802,0,0,0,0
1120.636483516483,9.71445146547012e-17,0,0,9.71445146547012e-17
1121.187164835165,9.71445146547012e-17,0,0,9.71445146547012e-17
1121.737846153846,0,0,0,0
1122.288527472527,0,9.71445146547012e-17,0,9.71445146547012e-17
1122.839208791209,0,0,0,0
1123.38989010989,-1.040834085586084e-16,-9.71445146547012e-17,0,1.423741994347138e-16
1123.940571428571,0,0,0,0
1124.491252747253,0,0,0,0
1125.041934065934,0,0,0,0
1125.592615384615,0,0,0,0
1126.143296703297,0,0,0,0
1126.693978021978,1.040834085586084e-16,0,0,1.040834085586084e-16
1127.244659340659,0,0,0,0
1127.795340659341,0,0,0,0
1128.346021978022,0,0,0,0
1128.896703296703,0,0,0,0
1129.447384615385,0,0,0,0
1129.998065934066,0,0,0,0
1130.548747252747,0,0,0,0
1131.099428571428,0,0,0,0
1131.65010989011,0,0,0,0
1132.200791208791,1.040834085586084e-16,0,0,1.040834085586084e-16
1132.751472527473,0,0,0,0
1133.302153846154,0,0,0,0
1133.852835164835,0,0,0,0
1134.403516483516,0,0,0,0
1134.954197802198,-1.040834085586084e-16,0,0,1.040834085586084e-16
1135.504879120879,-9.71445146547012e-17,0,0,9.71445146547012e-17
1136.05556043956,0,0,0,0
1136.606241758242,1.040834085586084e-16,-9.71445146547012e-17,0,1.423741994347138e-16
1137.156923076923,9.71445146547012e-17,0,0,9.71445146547012e-17
1137.707604395604,0,0,0,0
1138.258285714286,0,0,0,0
1138.808967032967,0,0,0,0
1139.359648351648,0,0,0,0
1139.91032967033,0,0,0,0
1140.461010989011,0,0,0,0
1141.011692307692,0,0,0,0
1141.562373626374,9.71445146547012e-17,0,0,9.71445146547012e-17
1142.113054945055,0,0,0,0
1142.663736263736,0,0,0,0
1143.214417582418,0,0,0,0
1143.765098901099,0,0,0,0
1144.31578021978,0,0,0,0
1144.866461538461,9.71445146547012e-17,0,0,9.71445146547012e-17
1145.417142857143,0,0,0,0
1145.967824175824,0,0,0,0
1146.518505494505,0,0,0,0
1147.069186813187,0,0,0,0
1147.619868131868,0,0,0,0
1148.170549450549,0,0,0,0
1148.721230769231,0,0,0,0
1149.271912087912,0,0,0,0
1149.822593406593,0,0,0,0
1150.373274725275,0,0,0,0
1150.923956043956,0,0,0,0
1151.474637362637,0,0,0,0
1152.025318681319,0,0,0,0
1152.576,0,0,0,0
1153.126681318681,0,0,0,0
1153.677362637363,0,0,0,0
1154.228043956044,0,0,0,0
1154.778725274725,0,0,0,0
1155.329406593406,0,0,0,0
1155.880087912088,0,0,0,0
1156.430769230769,1.040834085586084e-16,0,0,1.040834085586084e-16
1156.981450549451,0,0,0,0
1157.532131868132,0,0,0,0
1158.082813186813,0,0,0,0
1158.633494505494,0,0,0,0
1159.184175824176,0,0,0,0
1159.734857142857,0,0,0,0
1160.285538461538,0,0,0,0
1160.83621978022,0,0,0,0
1161.386901098901,0,0,0,0
1161.937582417582,0,0,0,0
1162.488263736264,0,0,0,0
1163.038945054945,0,0,0,0
1163.589626373626,0,0,0,0
1164.140307692308,0,0,0,0
1164.690989010989,9.71445146547012e-17,0,0,9.71445146547012e-17
1165.24167032967,0,0,0,0
1165.792351648352,0,0,0,0
1166.343032967033,0,0,0,0
1166.893714285714,0,0,0,0
1167.444395604396,0,0,0,0
1167.995076923077,0,0,0,0
1168.545758241758,0,0,0,0
1169.096439560439,0,0,0,0
1169.647120879121,0,0,0,0
1170.197802197802,0,0,0,0
1170.748483516483,0,0,0,0
1171.299164835165,0,0,0,0
1171.849846153846,0,0,0,0
1172.400527472527,0,0,0,0
1172.951208791209,0,0,0,0
1173.50189010989,0,0,0,0
1174.052571428571,0,0,0,0
1174.603252747253,0,0,0,0
1175.153934065934,0,0,0,0
1175.704615384615,0,0,0,0
1176.255296703297,0,0,0,0
1176.805978021978,0,0,0,0
1177.356659340659,0,0,0,0
1177.907340659341,0,0,0,0
1178.458021978022,0,0,0,0
1179.008703296703,1.040834085586084e-16,0,0,1.040834085586084e-16
1179.559384615384,0,0,0,0
1180.110065934066,0,0,0,0
1180.660747252747,9.71445146547012e-17,0,0,9.71445146547012e-17
1181.211428571429,0,0,0,0
1181.76210989011,0,0,0,0
1182.312791208791,0,0,0,0
1182.863472527472,0,0,0,0
1183.414153846154,0,0,0,0
1183.964835164835,0,0,0,0
1184.515516483516,0,0,0,0
1185.066197802198,0,0,0,0
1185.616879120879,0,0,0,0
1186.16756043956,0,0,0,0
1186.718241758242,0,0,0,0
1187.268923076923,0,0,0,0
1187.819604395604,0,0,0,0
1188.370285714286,9.71445146547012e-17,0,0,9.71445146547012e-17
1188.920967032967,0,0,0,0
1189.471648351648,0,0,0,0
1190.02232967033,0,0,0,0
1190.573010989011,0,0,0,0
1191.123692307692,0,0,0,0
1191.674373626374,0,0,0,0
1192.225054945055,0,0,0,0
1192.775736263736,0,0,0,0
1193.326417582417,0,0,0,0
1193.877098901099,0,0,0,0
1194.42778021978,0,0,0,0
1194.978461538461,0,0,0,0
1195.529142857143,0,0,0,0
1196.079824175824,0,0,0,0
1196.630505494505,0,0,0,0
1197.181186813187,0,0,0,0
1197.731868131868,0,0,0,0
1198.282549450549,0,0,0,0
1198.833230769231,0,0,0,0
1199.383912087912,0,0,0,0
1199.934593406593,0,0,0,0
1200.485274725275,0,0,0,0
1201.035956043956,0,0,0,0
1201.586637362637,0,0,0,0
1202.137318681319,0,0,0,0
1202.688,0,0,0,0
1203.238681318681,0,0,0,0
1203.789362637363,0,0,0,0
1204.340043956044,0,0,0,0
1204.890725274725,0,0,0,0
1205.441406593407,0,0,0,0
1205.992087912088,0,0,0,0
1206.542769230769,0,0,0,0
1207.09345054945,0,0,0,0
1207.644131868132,0,0,0,0
1208.194813186813,0,0,0,0
1208.745494505494,0,0,0,0
1209.296175824176,0,0,0,0
1209.846857142857,0,0,0,0
1210.397538461538,0,0,0,0
1210.94821978022,0,0,0,0
1211.498901098901,0,0,0,0
1212.049582417582,0,0,0,0
1212.600263736264,0,0,0,0
1213.150945054945,0,0,0,0
1213.701626373626,0,0,0,0
1214.252307692308,0,0,0,0
1214.802989010989,0,0,0,0
1215.35367032967,0,0,0,0
1215.904351648352,0,0,0,0
1216.455032967033,0,0,0,0
1217.005714285714,0,0,0,0
1217.556395604395,0,0,0,0
1218.107076923077,0,0,0,0
1218.657758241758,0,0,0,0
1219.20843956044,0,0,0,0
1219.759120879121,0,0,0,0
1220.309802197802,0,0,0,0
1220.860483516483,0,0,0,0
1221.411164835165,0,0,0,0
1221.961846153846,0,0,0,0
1222.512527472527,0,0,0,0
1223.063208791209,0,0,0,0
1223.61389010989,0,0,0,0
1224.164571428571,0,0,0,0
1224.715252747253,0,0,0,0
1225.265934065934,0,0,0,0
1225.816615384615,0,0,0,0
1226.367296703297,0,0,0,0
1226.917978021978,0,0,0,0
1227.468659340659,0,0,0,0
1228.019340659341,0,0,0,0
1228.570021978022,0,0,0,0
1229.120703296703,0,0,0,0
1229.671384615385,0,0,0,0
1230.222065934066,0,0,0,0
1230.772747252747,0,0,0,0
1231.323428571428,0,0,0,0
1231.87410989011,0,0,0,0
1232.424791208791,0,0,0,0
1232.975472527472,0,0,0,0
1233.526153846154,0,0,0,0
1234.076835164835,0,0,0,0
1234.627516483517,0,0,0,0
1235.178197802198,0,0,0,0
1235.728879120879,0,0,0,0
1236.27956043956,0,0,0,0
1236.830241758242,0,0,0,0
1237.380923076923,0,0,0,0
1237.931604395604,0,0,0,0
1238.482285714286,0,0,0,0
1239.032967032967,0,0,0,0
1239.583648351648,0,0,0,0
1240.13432967033,0,0,0,0
1240.685010989011,0,0,0,0
1241.235692307692,0,0,0,0
1241.786373626373,0,0,0,0
1242.337054945055,0,0,0,0
1242.887736263736,0,0,0,0
1243.438417582418,0,0,0,0
1243.989098901099,0,0,0,0
1244.53978021978,0,0,0,0
1245.090461538461,0,0,0,0
1245.641142857143,0,0,0,0
1246.191824175824,0,0,0,0
1246.742505494505,0,0,0,0
1247.293186813187,0,0,0,0
1247.843868131868,0,0,0,0
1248.394549450549,0,0,0,0
1248.945230769231,0,0,0,0
1249.495912087912,0,0,0,0
1250.046593406593,0,0,0,0
1250.597274725275,0,0,0,0
1251.147956043956,0,0,0,0
1251.698637362637,0,0,0,0
1252.249318681319,0,0,0,0
1252.8,0,0,0,0
1253.350681318681,0,0,0,0
1253.901362637363,0,0,0,0
1254.452043956044,0,0,0,0
1255.002725274725,0,0,0,0
1255.553406593406,0,0,0,0
1256.104087912088,0,0,0,0
1256.654769230769,0,0,0,0
1257.20545054945,0,0,0,0
1257.756131868132,0,0,0,0
1258.306813186813,0,0,0,0
1258.857494505495,0,0,0,0
1259.408175824176,0,0,0,0
1259.958857142857,0,0,0,0
1260.509538461538,0,0,0,0
1261.06021978022,0,0,0,0
1261.610901098901,0,0,0,0
1262.161582417582,0,0,0,0
1262.712263736264,0,0,0,0
1263.262945054945,0,0,0,0
1263.813626373626,0,0,0,0
1264.364307692308,0,0,0,0
1264.914989010989,0,0,0,0
1265.46567032967,0,0,0,0
1266.016351648351,0,0,0,0
1266.567032967033,0,0,0,0
1267.117714285714,0,0,0,0
1267.668395604396,0,0,0,0
1268.219076923077,0,0,0,0
1268.769758241758,0,0,0,0
1269.32043956044,0,0,0,0
1269.871120879121,0,0,0,0
1270.421802197802,0,0,0,0
1270.972483516483,0,0,0,0
1271.523164835165,0,0,0,0
1272.073846153846,0,0,0,0
1272.624527472527,0,0,0,0
1273.175208791209,0,0,0,0
1273.72589010989,0,0,0,0
1274.276571428571,0,0,0,0
1274.827252747253,0,0,0,0
1275.377934065934,0,0,0,0
1275.928615384615,0,0,0,0
1276.479296703297,0,0,0,0
1277.029978021978,0,0,0,0
1277.580659340659,0,0,0,0
1278.131340659341,0,0,0,0
1278.682021978022,0,0,0,0
1279.232703296703,0,0,0,0
1279.783384615384,0,0,0,0
1280.334065934066,0,0,0,0
1280.884747252747,0,0,0,0
1281.435428571428,0,0,0,0
1281.98610989011,0,0,0,0
1282.536791208791,0,0,0,0
1283.087472527473,0,0,0,0
1283.638153846154,0,0,0,0
1284.188835164835,0,0,0,0
1284.739516483516,0,0,0,0
1285.290197802198,0,0,0,0
1285.840879120879,0,0,0,0
1286.39156043956,0,0,0,0
1286.942241758242,0,0,0,0
1287.492923076923,0,0,0,0
1288.043604395604,0,0,0,0
1288.594285714286,0,0,0,0
1289.144967032967,0,0,0,0
1289.695648351648,0,0,0,0
1290.246329670329,0,0,0,0
1290.797010989011,0,0,0,0
1291.347692307692,0,0,0,0
1291.898373626374,0,0,0,0
1292.449054945055,0,0,0,0
1292.999736263736,0,0,0,0
1293.550417582418,0,0,0,0
1294.101098901099,0,0,0,0
1294.65178021978,0,0,0,0
1295.202461538461,0,0,0,0
1295.753142857143,0,0,0,0
1296.303824175824,0,0,0,0
1296.854505494505,0,0,0,0
1297.405186813187,0,0,0,0
1297.955868131868,0,0,0,0
1298.506549450549,0,0,0,0
1299.057230769231,0,0,0,0
1299.607912087912,0,0,0,0
1300.158593406593,0,0,0,0
1300.709274725275,0,0,0,0
1301.259956043956,0,0,0,0
1301.810637362637,0,0,0,0
1302.361318681319,0,0,0,0
1302.912,0,0,0,0
1303.462681318681,0,0,0,0
1304.013362637363,0,0,0,0
1304.564043956044,0,0,0,0
1305.114725274725,0,0,0,0
1305.665406593406,0,0,0,0
1306.216087912088,0,0,0,0
1306.766769230769,0,0,0,0
1307.317450549451,0,0,0,0
1307.868131868132,0,0,0,0
1308.418813186813,0,0,0,0
1308.969494505494,0,0,0,0
1309.520175824176,0,0,0,0
1310.070857142857,0,0,0,0
1310.621538461538,0,0,0,0
1311.17221978022,0,0,0,0
1311.722901098901,0,0,0,0
1312.273582417582,0,0,0,0
1312.824263736264,0,0,0,0
1313.374945054945,0,0,0,0
1313.925626373626,0,0,0,0
1314.476307692308,0,0,0,0
1315.026989010989,0,0,0,0
1315.57767032967,0,0,0,0
1316.128351648352,0,0,0,0
1316.679032967033,0,0,0,0
1317.229714285714,0,0,0,0
1317.780395604396,0,0,0,0
1318.331076923077,0,0,0,0
1318.881758241758,0,0,0,0
1319.432439560439,0,0,0,0
1319.983120879121,0,0,0,0
1320.533802197802,0,0,0,0
1321.084483516483,0,0,0,0
1321.635164835165,0,0,0,0
1322.185846153846,0,0,0,0
1322.736527472527,0,0,0,0
1323.287208791209,0,0,0,0
1323.83789010989,0,0,0,0
1324.388571428571,0,0,0,0
1324.939252747253,0,0,0,0
1325.489934065934,0,0,0,0
1326.040615384615,0,0,0,0
1326.591296703297,0,0,0,0
1327.141978021978,0,0,0,0
1327.692659340659,0,0,0,0
1328.243340659341,0,0,0,0
1328.794021978022,0,0,0,0
1329.344703296703,0,0,0,0
1329.895384615385,0,0,0,0
1330.446065934066,0,0,0,0
1330.996747252747,0,0,0,0
1331.547428571429,0,0,0,0
1332.09810989011,0,0,0,0
1332.648791208791,0,0,0,0
1333.199472527472,0,0,0,0
1333.750153846154,0,0,0,0
1334.300835164835,0,0,0,0
1334.851516483516,0,0,0,0
1335.402197802198,0,0,0,0
1335.952879120879,0,0,0,0
1336.50356043956,0,0,0,0
1337.054241758242,0,0,0,0
1337.604923076923,0,0,0,0
1338.155604395604,0,0,0,0
1338.706285714286,0,0,0,0
1339.256967032967,0,0,0,0
1339.807648351648,0,0,0,0
1340.35832967033,0,0,0,0
1340.909010989011,0,0,0,0
1341.459692307692,0,0,0,0
1342.010373626374,0,0,0,0
1342.561054945055,0,0,0,0
1343.111736263736,0,0,0,0
1343.662417582417,0,0,0,0
1344.213098901099,0,0,0,0
1344.76378021978,0,0,0,0
1345.314461538462,0,0,0,0
1345.865142857143,0,0,0,0
1346.415824175824,0,0,0,0
1346.966505494505,0,0,0,0
1347.517186813187,0,0,0,0
1348.067868131868,0,0,0,0
1348.618549450549,0,0,0,0
1349.169230769231,0,0,0,0
1349.719912087912,0,0,0,0
1350.270593406593,0,0,0,0
1350.821274725275,0,0,0,0
1351.371956043956,0,0,0,0
1351.922637362637,0,0,0,0
1352.473318681319,0,0,0,0
1353.024,0,0,0,0
1353.574681318681,0,0,0,0
1354.125362637363,0,0,0,0
1354.676043956044,0,0,0,0
1355.226725274725,0,0,0,0
1355.777406593407,0,0,0,0
1356.328087912088,0,0,0,0
1356.878769230769,0,0,0,0
1357.42945054945,0,0,0,0
1357.980131868132,0,0,0,0
1358.530813186813,0,0,0,0
1359.081494505494,0,0,0,0
1359.632175824176,0,0,0,0
1360.182857142857,0,0,0,0
1360.733538461538,0,0,0,0
1361.28421978022,0,0,0,0
1361.834901098901,0,0,0,0
1362.385582417582,0,0,0,0
1362.936263736264,0,0,0,0
1363.486945054945,0,0,0,0
1364.037626373626,0,0,0,0
1364.588307692308,0,0,0,0
1365.138989010989,0,0,0,0
1365.68967032967,0,0,0,0
1366.240351648352,0,0,0,0
1366.791032967033,0,0,0,0
1367.341714285714,0,0,0,0
1367.892395604395,0,0,0,0
1368.443076923077,0,0,0,0
1368.993758241758,0,0,0,0
1369.54443956044,0,0,0,0
1370.095120879121,0,0,0,0
1370.645802197802,0,0,0,0
1371.196483516483,0,0,0,0
1371.747164835165,0,0,0,0
1372.297846153846,0,0,0,0
1372.848527472527,0,0,0,0
1373.399208791209,0,0,0,0
1373.94989010989,0,0,0,0
1374.500571428571,0,0,0,0
1375.051252747253,0,0,0,0
1375.601934065934,0,0,0,0
1376.152615384615,0,0,0,0
1376.703296703297,0,0,0,0
1377.253978021978,0,0,0,0
1377.804659340659,0,0,0,0
1378.355340659341,0,0,0,0
1378.906021978022,0,0,0,0
1379.456703296703,0,0,0,0
1380.007384615385,0,0,0,0
1380.558065934066,0,0,0,0
1381.108747252747,0,0,0,0
1381.659428571428,0,0,0,0
1382.21010989011,0,0,0,0
1382.760791208791,0,0,0,0
1383.311472527472,0,0,0,0
1383.862153846154,0,0,0,0
1384.412835164835,0,0,0,0
1384.963516483516,0,0,0,0
1385.514197802198,0,0,0,0
1386.064879120879,0,0,0,0
1386.61556043956,0,0,0,0
1387.166241758242,0,0,0,0
1387.716923076923,0,0,0,0
1388.267604395604,0,0,0,0
1388.818285714286,0,0,0,0
1389.368967032967,0,0,0,0
1389.919648351648,0,0,0,0
1390.47032967033,0,0,0,0
1391.021010989011,0,0,0,0
1391.571692307692,0,0,0,0
1392.122373626373,0,0,0,0
1392.673054945055,0,0,0,0
1393.223736263736,0,0,0,0
1393.774417582418,0,0,0,0
1394.325098901099,0,0,0,0
1394.87578021978,0,0,0,0
1395.426461538461,0,0,0,0
1395.977142857143,0,0,0,0
1396.527824175824,0,0,0,0
1397.078505494505,0,0,0,0
1397.629186813187,0,0,0,0
1398.179868131868,0,0,0,0
1398.730549450549,0,0,0,0
1399.281230769231,0,0,0,0
1399.831912087912,0,0,0,0
1400.382593406593,0,0,0,0
1400.933274725275,0,0,0,0
1401.483956043956,0,0,0,0
1402.034637362637,0,0,0,0
1402.585318681319,0,0,0,0
1403.136,0,0,0,0
1403.686681318681,0,0,0,0
1404.237362637363,0,0,0,0
1404.788043956044,0,0,0,0
1405.338725274725,0,0,0,0
1405.889406593406,0,0,0,0
1406.440087912088,0,0,0,0
1406.990769230769,0,0,0,0
1407.54145054945,0,0,0,0
1408.092131868132,0,0,0,0
1408.642813186813,0,0,0,0
1409.193494505494,0,0,0,0
1409.744175824176,0,0,0,0
1410.294857142857,0,0,0,0
1410.845538461538,0,0,0,0
1411.39621978022,0,0,0,0
1411.946901098901,0,0,0,0
1412.497582417582,0,0,0,0
1413.048263736264,0,0,0,0
1413.598945054945,0,0,0,0
1414.149626373626,0,0,0,0
1414.700307692308,0,0,0,0
1415.250989010989,0,0,0,0
1415.80167032967,0,0,0,0
1416.352351648351,0,0,0,0
1416.903032967033,0,0,0,0
1417.453714285714,0,0,0,0
1418.004395604396,0,0,0,0
1418.555076923077,0,0,0,0
1419.105758241758,0,0,0,0
1419.656439560439,0,0,0,0
1420.207120879121,0,0,0,0
1420.757802197802,0,0,0,0
1421.308483516483,0,0,0,0
1421.859164835165,0,0,0,0
1422.409846153846,0,0,0,0
1422.960527472527,0,0,0,0
1423.511208791209,0,0,0,0
1424.06189010989,0,0,0,0
1424.612571428571,0,0,0,0
1425.163252747253,0,0,0,0
1425.713934065934,0,0,0,0
1426.264615384615,0,0,0,0
1426.815296703297,0,0,0,0
1427.365978021978,0,0,0,0
1427.916659340659,0,0,0,0
1428.467340659341,0,0,0,0
1429.018021978022,0,0,0,0
1429.568703296703,0,0,0,0
1430.119384615384,0,0,0,0
1430.670065934066,0,0,0,0
1431.220747252747,0,0,0,0
1431.771428571428,0,0,0,0
1432.32210989011,0,0,0,0
1432.872791208791,0,0,0,0
1433.423472527473,0,0,0,0
1433.974153846154,0,0,0,0
1434.524835164835,0,0,0,0
1435.075516483516,0,0,0,0
1435.626197802198,0,0,0,0
1436.176879120879,0,0,0,0
1436.72756043956,0,0,0,0
1437.278241758242,0,0,0,0
1437.828923076923,0,0,0,0
1438.379604395604,0,0,0,0
1438.930285714286,0,0,0,0
1439.480967032967,0,0,0,0
1440.031648351648,0,0,0,0
1440.58232967033,0,0,0,0
1441.133010989011,0,0,0,0
1441.683692307692,0,0,0,0
1442.234373626374,0,0,0,0
1442.785054945055,0,0,0,0
1443.335736263736,0,0,0,0
1443.886417582417,0,0,0,0
1444.437098901099,0,0,0,0
1444.98778021978,0,0,0,0
1445.538461538461,0,0,0,0
1446.089142857143,0,0,0,0
1446.639824175824,0,0,0,0
1447.190505494505,0,0,0,0
1447.741186813187,0,0,0,0
1448.291868131868,0,0,0,0
1448.842549450549,0,0,0,0
1449.393230769231,0,0,0,0
1449.943912087912,0,0,0,0
1450.494593406593,0,0,0,0
1451.045274725275,0,0,0,0
1451.595956043956,0,0,0,0
1452.146637362637,0,0,0,0
1452.697318681319,0,0,0,0
1453.248,0,0,0,0
1453.798681318681,0,0,0,0
1454.349362637362,0,0,0,0
1454.900043956044,0,0,0,0
1455.450725274725,0,0,0,0
1456.001406593407,0,0,0,0
1456.552087912088,0,0,0,0
1457.102769230769,0,0,0,0
1457.653450549451,0,0,0,0
1458.204131868132,0,0,0,0
1458.754813186813,0,0,0,0
1459.305494505494,0,0,0,0
1459.856175824176,0,0,0,0
1460.406857142857,0,0,0,0
1460.957538461538,0,0,0,0
1461.50821978022,0,0,0,0
1462.058901098901,0,0,0,0
1462.609582417582,0,0,0,0
1463.160263736264,0,0,0,0
1463.710945054945,0,0,0,0
1464.261626373626,0,0,0,0
1464.812307692308,0,0,0,0
1465.362989010989,0,0,0,0
1465.91367032967,0,0,0,0
1466.464351648352,0,0,0,0
1467.015032967033,0,0,0,0
1467.565714285714,0,0,0,0
1468.116395604395,0,0,0,0
1468.667076923077,0,0,0,0
1469.217758241758,0,0,0,0
1469.768439560439,0,0,0,0
1470.319120879121,0,0,0,0
1470.869802197802,0,0,0,0
1471.420483516484,0,0,0,0
1471.971164835165,0,0,0,0
1472.521846153846,0,0,0,0
1473.072527472527,0,0,0,0
1473.623208791209,0,0,0,0
1474.17389010989,0,0,0,0
1474.724571428571,0,0,0,0
1475.275252747253,0,0,0,0
1475.825934065934,0,0,0,0
1476.376615384615,0,0,0,0
1476.927296703297,0,0,0,0
1477.477978021978,0,0,0,0
1478.028659340659,0,0,0,0
1478.57934065934,0,0,0,0
1479.130021978022,0,0,0,0
1479.680703296703,0,0,0,0
1480.231384615385,0,0,0,0
1480.782065934066,0,0,0,0
1481.332747252747,0,0,0,0
1481.883428571429,0,0,0,0
1482.43410989011,0,0,0,0
1482.984791208791,0,0,0,0
1483.535472527472,0,0,0,0
1484.086153846154,0,0,0,0
1484.636835164835,0,0,0,0
1485.187516483516,0,0,0,0
1485.738197802198,0,0,0,0
1486.288879120879,0,0,0,0
1486.83956043956,0,0,0,0
1487.390241758242,0,0,0,0
1487.940923076923,0,0,0,0
1488.491604395604,0,0,0,0
1489.042285714286,0,0,0,0
1489.592967032967,0,0,0,0
1490.143648351648,0,0,0,0
1490.69432967033,0,0,0,0
1491.245010989011,0,0,0,0
1491.795692307692,0,0,0,0
1492.346373626374,0,0,0,0
1492.897054945055,0,0,0,0
1493.447736263736,0,0,0,0
1493.998417582417,0,0,0,0
1494.549098901099,0,0,0,0
1495.09978021978,0,0,0,0
1495.650461538462,0,0,0,0
1496.201142857143,0,0,0,0
1496.751824175824,0,0,0,0
1497.302505494505,0,0,0,0
1497.853186813187,0,0,0,0
1498.403868131868,0,0,0,0
1498.954549450549,0,0,0,0
1499.505230769231,0,0,0,0
1500.055912087912,0,0,0,0
1500.606593406593,0,0,0,0
1501.157274725275,0,0,0,0
1501.707956043956,0,0,0,0
1502.258637362637,0,0,0,0
1502.809318681318,0,0,0,0
1503.36,0,0,0,0
1503.910681318681,0,0,0,0
1504.461362637363,0,0,0,0
1505.012043956044,0,0,0,0
1505.562725274725,0,0,0,0
1506.113406593407,0,0,0,0
1506.664087912088,0,0,0,0
1507.214769230769,0,0,0,0
1507.76545054945,0,0,0,0
1508.316131868132,0,0,0,0
1508.866813186813,0,0,0,0
1509.417494505494,0,0,0,0
1509.968175824176,0,0,0,0
1510.518857142857,0,0,0,0
1511.069538461538,0,0,0,0
1511.62021978022,0,0,0,0
1512.170901098901,0,0,0,0
1512.721582417582,0,0,0,0
1513.272263736264,0,0,0,0
1513.822945054945,0,0,0,0
1514.373626373626,0,0,0,0
1514.924307692308,0,0,0,0
1515.474989010989,0,0,0,0
1516.02567032967,0,0,0,0
1516.576351648352,0,0,0,0
1517.127032967033,0,0,0,0
1517.677714285714,0,0,0,0
1518.228395604395,0,0,0,0
1518.779076923077,0,0,0,0
1519.329758241758,0,0,0,0
1519.88043956044,0,0,0,0
1520.431120879121,0,0,0,0
1520.981802197802,0,0,0,0
1521.532483516483,0,0,0,0
1522.083164835165,0,0,0,0
1522.633846153846,0,0,0,0
1523.184527472527,0,0,0,0
1523.735208791209,0,0,0,0
1524.28589010989,0,0,0,0
1524.836571428571,0,0,0,0
1525.387252747253,0,0,0,0
1525.937934065934,0,0,0,0
1526.488615384615,0,0,0,0
1527.039296703296,0,0,0,0
1527.589978021978,0,0,0,0
1528.140659340659,0,0,0,0
1528.691340659341,0,0,0,0
1529.242021978022,0,0,0,0
1529.792703296703,0,0,0,0
1530.343384615385,0,0,0,0
1530.894065934066,0,0,0,0
1531.444747252747,0,0,0,0
1531.995428571428,0,0,0,0
1532.54610989011,0,0,0,0
1533.096791208791,0,0,0,0
1533.647472527472,0,0,0,0
1534.198153846154,0,0,0,0
1534.748835164835,0,0,0,0
1535.299516483516,0,0,0,0
1535.850197802198,0,0,0,0
1536.400879120879,0,0,0,0
1536.95156043956,0,0,0,0
1537.502241758242,0,0,0,0
1538.052923076923,0,0,0,0
1538.603604395604,0,0,0,0
1539.154285714286,0,0,0,0
1539.704967032967,0,0,0,0
1540.255648351648,0,0,0,0
1540.80632967033,0,0,0,0
1541.357010989011,0,0,0,0
1541.907692307692,0,0,0,0
1542.458373626373,0,0,0,0
1543.009054945055,0,0,0,0
1543.559736263736,0,0,0,0
1544.110417582418,0,0,0,0
1544.661098901099,0,0,0,0
1545.21178021978,0,0,0,0
1545.762461538461,0,0,0,0
1546.313142857143,0,0,0,0
1546.863824175824,0,0,0,0
1547.414505494505,0,0,0,0
1547.965186813187,0,0,0,0
1548.515868131868,0,0,0,0
1549.066549450549,0,0,0,0
1549.617230769231,0,0,0,0
1550.167912087912,0,0,0,0
1550.718593406593,0,0,0,0
1551.269274725275,0,0,0,0
1551.819956043956,0,0,0,0
1552.370637362637,0,0,0,0
1552.921318681319,0,0,0,0
1553.472,0,0,0,0
1554.022681318681,0,0,0,0
1554.573362637363,0,0,0,0
1555.124043956044,0,0,0,0
1555.674725274725,0,0,0,0
1556.225406593406,0,0,0,0
1556.776087912088,0,0,0,0
1557.326769230769,0,0,0,0
1557.87745054945,0,0,0,0
1558.428131868132,0,0,0,0
1558.978813186813,0,0,0,0
1559.529494505494,0,0,0,0
1560.080175824176,0,0,0,0
1560.630857142857,0,0,0,0
1561.181538461538,0,0,0,0
1561.73221978022,0,0,0,0
1562.282901098901,0,0,0,0
1562.833582417582,0,0,0,0
1563.384263736264,0,0,0,0
1563.934945054945,0,0,0,0
1564.485626373626,0,0,0,0
1565.036307692308,0,0,0,0
1565.586989010989,0,0,0,0
1566.13767032967,0,0,0,0
1566.688351648351,0,0,0,0
1567.239032967033,0,0,0,0
1567.789714285714,0,0,0,0
1568.340395604396,0,0,0,0
1568.891076923077,0,0,0,0
1569.441758241758,0,0,0,0
1569.992439560439,0,0,0,0
1570.543120879121,0,0,0,0
1571.093802197802,0,0,0,0
1571.644483516483,0,0,0,0
1572.195164835165,0,0,0,0
1572.745846153846,0,0,0,0
1573.296527472527,0,0,0,0
1573.847208791209,0,0,0,0
1574.39789010989,0,0,0,0
1574.948571428571,0,0,0,0
1575.499252747253,0,0,0,0
1576.049934065934,0,0,0,0
1576.600615384615,0,0,0,0
1577.151296703297,0,0,0,0
1577.701978021978,0,0,0,0
1578.252659340659,0,0,0,0
1578.803340659341,0,0,0,0
1579.354021978022,0,0,0,0
1579.904703296703,0,0,0,0
1580.455384615384,0,0,0,0
1581.006065934066,0,0,0,0
1581.556747252747,0,0,0,0
1582.107428571428,0,0,0,0
1582.65810989011,0,0,0,0
1583.208791208791,0,0,0,0
1583.759472527472,0,0,0,0
1584.310153846154,0,0,0,0
1584.860835164835,0,0,0,0
1585.411516483516,0,0,0,0
1585.962197802198,0,0,0,0
1586.512879120879,0,0,0,0
1587.06356043956,0,0,0,0
1587.614241758242,0,0,0,0
1588.164923076923,0,0,0,0
1588.715604395604,0,0,0,0
1589.266285714286,0,0,0,0
1589.816967032967,0,0,0,0
1590.367648351648,0,0,0,0
1590.91832967033,0,0,0,0
1591.469010989011,0,0,0,0
1592.019692307692,0,0,0,0
1592.570373626374,0,0,0,0
1593.121054945055,0,0,0,0
1593.671736263736,0,0,0,0
1594.222417582417,0,0,0,0
1594.773098901099,0,0,0,0
1595.32378021978,0,0,0,0
1595.874461538461,0,0,0,0
1596.425142857143,0,0,0,0
1596.975824175824,0,0,0,0
1597.526505494505,0,0,0,0
1598.077186813187,0,0,0,0
1598.627868131868,0,0,0,0
1599.178549450549,0,0,0,0
1599.729230769231,0,0,0,0
1600.279912087912,0,0,0,0
1600.830593406593,0,0,0,0
1601.381274725275,0,0,0,0
1601.931956043956,0,0,0,0
1602.482637362637,0,0,0,0
1603.033318681319,0,0,0,0
1603.584,0,0,0,0
1604.134681318681,0,0,0,0
1604.685362637362,0,0,0,0
1605.236043956044,0,0,0,0
1605.786725274725,0,0,0,0
1606.337406593407,0,0,0,0
1606.888087912088,0,0,0,0
1607.438769230769,0,0,0,0
1607.98945054945,0,0,0,0
1608.540131868132,0,0,0,0
1609.090813186813,0,0,0,0
1609.641494505494,0,0,0,0
1610.192175824176,0,0,0,0
1610.742857142857,0,0,0,0
1611.293538461538,0,0,0,0
1611.84421978022,0,0,0,0
1612.394901098901,0,0,0,0
1612.945582417582,0,0,0,0
1613.496263736264,0,0,0,0
1614.046945054945,0,0,0,0
1614.597626373626,0,0,0,0
1615.148307692308,0,0,0,0
1615.698989010989,0,0,0,0
1616.24967032967,0,0,0,0
1616.800351648352,0,0,0,0
1617.351032967033,0,0,0,0
1617.901714285714,0,0,0,0
1618.452395604395,0,0,0,0
1619.003076923077,0,0,0,0
1619.553758241758,0,0,0,0
1620.104439560439,0,0,0,0
1620.655120879121,0,0,0,0
1621.205802197802,0,0,0,0
1621.756483516484,0,0,0,0
1622.307164835165,0,0,0,0
1622.857846153846,0,0,0,0
1623.408527472527,0,0,0,0
1623.959208791209,0,0,0,0
1624.50989010989,0,0,0,0
1625.060571428571,0,0,0,0
1625.611252747253,0,0,0,0
1626.161934065934,0,0,0,0
1626.712615384615,0,0,0,0
1627.263296703297,0,0,0,0
1627.813978021978,0,0,0,0
1628.364659340659,0,0,0,0
1628.91534065934,0,0,0,0
1629.466021978022,0,0,0,0
1630.016703296703,0,0,0,0
1630.567384615385,0,0,0,0
1631.118065934066,0,0,0,0
1631.668747252747,0,0,0,0
1632.219428571428,0,0,0,0
1632.77010989011,0,0,0,0
1633.320791208791,0,0,0,0
1633.871472527472,0,0,0,0
1634.422153846154,0,0,0,0
1634.972835164835,0,0,0,0
1635.523516483516,0,0,0,0
1636.074197802198,0,0,0,0
1636.624879120879,0,0,0,0
1637.17556043956,0,0,0,0
1637.726241758242,0,0,0,0
1638.276923076923,0,0,0,0
1638.827604395604,0,0,0,0
1639.378285714286,0,0,0,0
1639.928967032967,0,0,0,0
1640.479648351648,0,0,0,0
1641.03032967033,0,0,0,0
1641.581010989011,0,0,0,0
1642.131692307692,0,0,0,0
1642.682373626373,0,0,0,0
1643.233054945055,0,0,0,0
1643.783736263736,0,0,0,0
1644.334417582417,0,0,0,0
1644.885098901099,0,0,0,0
1645.43578021978,0,0,0,0
1645.986461538462,0,0,0,0
1646.537142857143,0,0,0,0
1647.087824175824,0,0,0,0
1647.638505494505,0,0,0,0
1648.189186813187,0,0,0,0
1648.739868131868,0,0,0,0
1649.290549450549,0,0,0,0
1649.841230769231,0,0,0,0
1650.391912087912,0,0,0,0
1650.942593406593,0,0,0,0
1651.493274725275,0,0,0,0
1652.043956043956,0,0,0,0
1652.594637362637,0,0,0,0
1653.145318681318,0,0,0,0
1653.696,0,0,0,0
1654.246681318681,0,0,0,0
1654.797362637363,0,0,0,0
1655.348043956044,0,0,0,0
1655.898725274725,0,0,0,0
1656.449406593406,0,0,0,0
1657.000087912088,0,0,0,0
1657.550769230769,0,0,0,0
1658.10145054945,0,0,0,0
1658.652131868132,0,0,0,0
1659.202813186813,0,0,0,0
1659.753494505494,0,0,0,0
1660.304175824176,0,0,0,0
1660.854857142857,0,0,0,0
1661.405538461538,0,0,0,0
1661.95621978022,0,0,0,0
1662.506901098901,0,0,0,0
1663.057582417582,0,0,0,0
1663.608263736264,0,0,0,0
1664.158945054945,0,0,0,0
1664.709626373626,0,0,0,0
1665.260307692308,0,0,0,0
1665.810989010989,0,0,0,0
1666.36167032967,0,0,0,0
1666.912351648351,0,0,0,0
1667.463032967033,0,0,0,0
1668.013714285714,0,0,0,0
1668.564395604395,0,0,0,0
1669.115076923077,0,0,0,0
1669.665758241758,0,0,0,0
1670.21643956044,0,0,0,0
1670.767120879121,0,0,0,0
1671.317802197802,0,0,0,0
1671.868483516483,0,0,0,0
1672.419164835165,0,0,0,0
1672.969846153846,0,0,0,0
1673.520527472527,0,0,0,0
1674.071208791209,0,0,0,0
1674.62189010989,0,0,0,0
1675.172571428571,0,0,0,0
1675.723252747253,0,0,0,0
1676.273934065934,0,0,0,0
1676.824615384615,0,0,0,0
1677.375296703296,0,0,0,0
1677.925978021978,0,0,0,0
1678.476659340659,0,0,0,0
1679.027340659341,0,0,0,0
1679.578021978022,0,0,0,0
1680.128703296703,0,0,0,0
1680.679384615385,0,0,0,0
1681.230065934066,0,0,0,0
1681.780747252747,0,0,0,0
1682.331428571428,0,0,0,0
1682.88210989011,0,0,0,0
1683.432791208791,0,0,0,0
1683.983472527472,0,0,0,0
1684.534153846154,0,0,0,0
1685.084835164835,0,0,0,0
1685.635516483516,0,0,0,0
1686.186197802198,0,0,0,0
1686.736879120879,0,0,0,0
1687.28756043956,0,0,0,0
1687.838241758242,0,0,0,0
1688.388923076923,0,0,0,0
1688.939604395604,0,0,0,0
1689.490285714286,0,0,0,0
1690.040967032967,0,0,0,0
1690.591648351648,0,0,0,0
1691.142329670329,0,0,0,0
1691.693010989011,0,0,0,0
1692.243692307692,0,0,0,0
1692.794373626373,0,0,0,0
1693.345054945055,0,0,0,0
1693.895736263736,0,0,0,0
1694.446417582418,0,0,0,0
1694.997098901099,0,0,0,0
1695.54778021978,0,0,0,0
1696.098461538461,0,0,0,0
1696.649142857143,0,0,0,0
1697.199824175824,0,0,0,0
1697.750505494505,0,0,0,0
1698.301186813187,0,0,0,0
1698.851868131868,0,0,0,0
1699.402549450549,0,0,0,0
1699.953230769231,0,0,0,0
